{"type":"FeatureCollection","features":[{"type":"Feature","geometry":{"bbox":[6.7302698168642925,7.746949631305934,6.804684073364263,7.84134742220055],"type":"Polygon","coordinates":[[[6.760407058575332,7.747109168360941],[6.747901548068299,7.747043226862281],[6.747974042527924,7.7473313274265605],[6.74846663142785,7.747972270151168],[6.748304965346129,7.748674113802993],[6.74746570322027,7.7484817917295405],[6.746918108963631,7.747644232938631],[6.747176594304516,7.747039392929639],[6.7457266878863225,7.747031721370038],[6.7457257261498595,7.747212493710091],[6.745722840801715,7.747754810720352],[6.74571610751335,7.7490202170199565],[6.745534868466244,7.749019257479526],[6.745532944307073,7.749380802076412],[6.745660419928773,7.7501541117369745],[6.746176965915164,7.750368176540691],[6.746056447997858,7.751152796049126],[6.745532887630432,7.751072792697276],[6.745259572098897,7.75071570456022],[6.744618085311902,7.751002952577835],[6.744436845554476,7.751001992326233],[6.744434919960072,7.751363536614964],[6.744616159871903,7.751364496911881],[6.7446151971171995,7.751545269076444],[6.744796437129376,7.751546229319013],[6.744795474428742,7.751727001504524],[6.74525014545276,7.751430764526745],[6.745775443743434,7.751780244443581],[6.745514660181109,7.752815475417742],[6.745513697627414,7.752996247682369],[6.745511772450641,7.753357792206664],[6.745509847181351,7.75371933672438],[6.745506959103962,7.754261653488515],[6.745144476601067,7.754259732862889],[6.745143513707875,7.754440505069007],[6.745505996365241,7.754442425739941],[6.74550503360339,7.754623197989714],[6.745504070818415,7.754803970237852],[6.745685312336265,7.75480493050306],[6.745682424074299,7.755347247305477],[6.745679535604188,7.755889564093015],[6.7456776098418105,7.756251108609803],[6.745670868944991,7.757516514366566],[6.745489626268317,7.757515553761614],[6.745488663113281,7.757696325983339],[6.745669905867224,7.757697286610945],[6.745667979642299,7.7580588310946785],[6.745788012736571,7.758120197178355],[6.7459069187930965,7.758658905960099],[6.745662200412477,7.759143464506371],[6.745661237126562,7.759324236735871],[6.745780307260194,7.7595663751632635],[6.745838627533365,7.760048286482302],[6.745836700861718,7.76040983096843],[6.745955771236551,7.760651969451916],[6.746013128123863,7.761314653081263],[6.746012164715028,7.7614954253362365],[6.746011201283058,7.761676197589578],[6.746009274349766,7.762037742091239],[6.746006383776387,7.76258005883139],[6.746187628686684,7.762581019839186],[6.746183774574394,7.763304108893522],[6.746178956413746,7.764207970174231],[6.746283854570924,7.764643919223506],[6.746423601215143,7.766202800476341],[6.746167390469591,7.766377237079427],[6.7461664264906,7.766558009310781],[6.746165462488493,7.766738781540489],[6.74598421579933,7.766737820011853],[6.745982287571004,7.767099364421028],[6.745981323422157,7.767280136623129],[6.745800076524025,7.767279174949389],[6.74561882964902,7.7672782131984786],[6.745617865322305,7.767458985353632],[6.745436618393063,7.767458023502908],[6.745435653965854,7.7676387956337685],[6.745434689515501,7.767819567762962],[6.74525344245466,7.767818605789757],[6.745252477903811,7.767999377894613],[6.745071230788715,7.767998415821584],[6.7450702661373505,7.768179187902162],[6.744707771821806,7.768177263479258],[6.744706806992548,7.768358035512874],[6.744525559792112,7.768357073162996],[6.74452459486234,7.768537845172293],[6.744852285654221,7.76860563868427],[6.7446479964574255,7.769017277379792],[6.744521699934151,7.769080161190289],[6.744519769866317,7.769441705194006],[6.744338522224717,7.769440742630977],[6.744337557078698,7.769621514607693],[6.744336591909532,7.769802286582772],[6.744155344136306,7.7698013238972266],[6.7441543788665985,7.76998209584794],[6.744153413573755,7.770162867797026],[6.74415244825776,7.770343639744466],[6.7439712002754675,7.770342676913729],[6.743970234858925,7.7705234488368475],[6.744222147304383,7.7707055641442535],[6.74396830395641,7.7708849926781385],[6.7439673384704255,7.771065764596294],[6.743786090201674,7.771064801597688],[6.743781262037489,7.771968661050285],[6.743780296335204,7.772149432935862],[6.743778364861186,7.772510976702027],[6.743777399089446,7.77269174858263],[6.743596150147098,7.772690785302796],[6.743593252460711,7.773233100866676],[6.743591320554027,7.77359464456765],[6.743588422520366,7.774136960106682],[6.743665430205554,7.776038975818098],[6.74375034808182,7.777753360567679],[6.7437484151724645,7.778114904231211],[6.7439296664615025,7.778115868113866],[6.743924834170379,7.779019727357161],[6.743743582493921,7.779018763361159],[6.743741649260441,7.7793803070015475],[6.7437290809855215,7.7817303405026035],[6.743728114033075,7.781911112298802],[6.743846500881901,7.781974110456378],[6.7439658488176635,7.783043595852964],[6.743334966567479,7.783598380514348],[6.742708282390103,7.783313557075155],[6.742633824448819,7.783170726097528],[6.741908811399488,7.783166865398885],[6.74160751994824,7.783104530991158],[6.741366019978167,7.782983197573239],[6.74118476692081,7.7829822319959785],[6.7406410078878345,7.782979334800228],[6.7406419762971765,7.782798563399618],[6.740460723410062,7.782797597535754],[6.7403632420796615,7.782905247152774],[6.738829448469752,7.7827889012814415],[6.738648195814588,7.782787934644351],[6.7384776600661365,7.7829980172043385],[6.737266311695349,7.783907279749052],[6.7359088402544725,7.784135425069465],[6.732920516937469,7.784283944803091],[6.732114366382028,7.784380017137756],[6.731945549229459,7.784573333979767],[6.73102296072145,7.785097278469225],[6.7308417080578185,7.785096308210926],[6.730840735159346,7.785277078361486],[6.730659482441424,7.785276108003044],[6.730296003921041,7.785454937134619],[6.7300605229037584,7.785921111019873],[6.730655590304489,7.785999188497442],[6.730656563373653,7.785818418376375],[6.730837816324228,7.7858193888032154],[6.730923063614937,7.785697653003666],[6.731458127005735,7.785354220293493],[6.731746999098184,7.78528192899349],[6.7317479716089,7.785101158728962],[6.731929224388954,7.785102128600537],[6.73211047719227,7.785103098394765],[6.732111449524617,7.784922328083006],[6.732292702273671,7.784923297777104],[6.732473955045994,7.7849242673938575],[6.732474927199978,7.784743497034853],[6.732656179918024,7.784744466551487],[6.732837432659338,7.784745435990779],[6.733018685423886,7.784746405352723],[6.7331999382117385,7.784747374637337],[6.733200910032273,7.784566604185573],[6.733382162765832,7.78456757337007],[6.733946682206796,7.784452922807862],[6.73610095655916,7.784582101856715],[6.736101927115747,7.78440133103912],[6.736283180143684,7.784402298963433],[6.736464433194835,7.784403266810406],[6.736645686269236,7.784404234580042],[6.737916397932833,7.784049464707095],[6.737917367644347,7.783868693657206],[6.738098620671852,7.783869660739954],[6.738099590282629,7.7836888896656165],[6.738280843255823,7.783689856648304],[6.738281812765853,7.783509085549598],[6.7384630656847255,7.783510052432229],[6.7388265408463015,7.783331214796979],[6.738912581984426,7.78323619895073],[6.739420789375935,7.783068305581625],[6.742618082775615,7.783940637342495],[6.743645254333787,7.784314400929273],[6.7439797284329694,7.784747920628512],[6.743711672299181,7.784984232580424],[6.7437097375376345,7.785345776111494],[6.7437087701221365,7.78552654787454],[6.743808992901205,7.785607473253372],[6.743957511711747,7.787978357072773],[6.744053864434108,7.788782369688871],[6.744052896733871,7.788963141465767],[6.744161460235057,7.7890645403960965],[6.745748363715866,7.793193880906206],[6.745841277023234,7.793492088411641],[6.745941501813766,7.793573013916881],[6.746100666240988,7.793955408619027],[6.7463207038281245,7.794333333191689],[6.746194118618811,7.795301738076883],[6.746375377600768,7.795302703028824],[6.746741094922556,7.7951517934637415],[6.746916252742466,7.7958479136538905],[6.747110097209401,7.796016277943829],[6.747635487464791,7.796936404995685],[6.747769568158413,7.797044661901377],[6.748255187926717,7.7978152268318155],[6.747992204673594,7.79802296716844],[6.747990270306649,7.798384511547858],[6.748352791396926,7.798386440594557],[6.7484446601921535,7.798155393877346],[6.748534051976734,7.798387405001685],[6.74871531257964,7.798388369331334],[6.748714345672267,7.7985691416090654],[6.748978002668544,7.798798135213848],[6.748531150952197,7.79892972176204],[6.748529216820307,7.799291266260668],[6.748947282965758,7.799129920300208],[6.7491537888873365,7.799399702434581],[6.7493542588777915,7.7993712479121085],[6.7495126546880675,7.799638506620159],[6.749118690101298,7.799938446945501],[6.749246525959168,7.800741302218574],[6.74924555898456,7.800922074542586],[6.749357277283901,7.801386363584336],[6.749242657922138,7.801464391504687],[6.749240723765023,7.801825936137778],[6.749359801234347,7.802068077134082],[6.7494171505283695,7.802730762253902],[6.74941618337739,7.802911534582273],[6.749506218123132,7.803362150597685],[6.749674166190589,7.80517443279162],[6.750013430287189,7.805839917658617],[6.750036156144864,7.8073438827155],[6.750003486411988,7.808609151378789],[6.750017149977024,7.809513456434391],[6.7497862860483915,7.816023790253478],[6.74979714984188,7.8167430380887595],[6.749764470560226,7.818008305802874],[6.74978551435384,7.819401603362421],[6.749586802757743,7.82095432563084],[6.749167313194848,7.822942620662537],[6.7493863473091915,7.825058414327568],[6.749570366791994,7.82523662757928],[6.749552635544968,7.825922919124317],[6.749743805500803,7.826683701404108],[6.749916585655689,7.827592126490041],[6.750100606235413,7.827770339870427],[6.750086407279956,7.828319957129284],[6.750368195955384,7.828225449026648],[6.7505494696563355,7.828226416233477],[6.750547529908452,7.828587960736181],[6.750445459391016,7.829042919411276],[6.7508218497724135,7.829578346176346],[6.750778263123742,7.830085315766516],[6.75104002552468,7.830559122436949],[6.750797610938727,7.831206685451521],[6.750890678253106,7.832205340571981],[6.7512718445722655,7.832400192872905],[6.750963696007687,7.832808792540996],[6.750890678253106,7.832205340571981],[6.7507094027896155,7.832204373023491],[6.750706491843136,7.832746689732959],[6.750525216168634,7.832745722038841],[6.7505232752660955,7.833107266458295],[6.750704551096687,7.833108234197618],[6.750701639803818,7.83365055088213],[6.750700669326683,7.833831323106957],[6.750935610907845,7.833937477543967],[6.75051842260561,7.834011127477782],[6.750516481379758,7.834372671873924],[6.750513569367783,7.834914988455577],[6.750512598650928,7.835095760646142],[6.750331321984813,7.835094792580331],[6.75038672068186,7.836119022667772],[6.750685138551912,7.836723678477595],[6.751167746887311,7.836786985600108],[6.7514092777929315,7.836908322751385],[6.751480625746626,7.836798485857801],[6.751883703450545,7.8366595183032635],[6.752372214179656,7.836329735150933],[6.752748113677788,7.837076489772242],[6.75240595604376,7.836978630251142],[6.752159462953067,7.837046290341361],[6.7523955927288375,7.837888035265084],[6.753128209489572,7.837393459516942],[6.753216235541901,7.838002632535289],[6.7533975138266005,7.838003599716697],[6.753396543966695,7.838184372240365],[6.753577822352576,7.838185339366466],[6.75357588271976,7.8385468844539625],[6.753574912868764,7.838727656995168],[6.75367679985271,7.838806951879685],[6.753836016958298,7.839014941518403],[6.754309207627067,7.8389477876702065],[6.754770949066933,7.840090217835066],[6.755923785514432,7.84018640604342],[6.755998597838012,7.83977598079121],[6.7561599303179145,7.840087119646632],[6.755923785514432,7.84018640604342],[6.755921847405363,7.84054795168085],[6.756284406876447,7.840549884260704],[6.75646568664656,7.840550850433768],[6.7565510747408375,7.840273415715628],[6.7567660472885995,7.839699160899435],[6.757475724983854,7.839387896816952],[6.758003727384291,7.8390978048058715],[6.757641657993704,7.839736891587515],[6.757353503317668,7.840371722990777],[6.757551428955899,7.840918191872571],[6.757732709043458,7.840919157545353],[6.757832437070585,7.840690152761078],[6.7581499882206755,7.84084810520083],[6.757732709043458,7.840919157545353],[6.7577317406895645,7.8410999305836375],[6.758275581324742,7.8411028272020955],[6.758367461341298,7.840871779942998],[6.75845686158251,7.841103792585755],[6.767158340985722,7.841150039374641],[6.767159305276874,7.840969265167144],[6.768609556359806,7.840976955332921],[6.7686085926937,7.841157729719862],[6.770058845867931,7.841165415078463],[6.770059808908985,7.840984640512202],[6.76988045342985,7.840622131044809],[6.769517890513463,7.840620210151294],[6.769007466043319,7.840553275845626],[6.769157254391773,7.840256740026054],[6.768869129286951,7.840181375928919],[6.768236086453229,7.83976550439919],[6.768073422410854,7.839527877487814],[6.767892141638999,7.839526916435484],[6.767893105411369,7.839346142123258],[6.767711824740554,7.83934518101546],[6.767350227451467,7.839162484319573],[6.767275613641833,7.8392690308995325],[6.766847824137088,7.839426071711872],[6.767219036189909,7.839684573556206],[6.767419628640467,7.8400334386778585],[6.767074076114711,7.839954263428504],[6.766749455251097,7.840025026284666],[6.7662190525739385,7.839676578706636],[6.7660027917560335,7.839985396022062],[6.765746889562338,7.840131712067856],[6.765827074508898,7.839783715974362],[6.765712172578466,7.8394415162813464],[6.765443189876247,7.839825621054884],[6.765206305718581,7.839479563358887],[6.76459834854715,7.839056193957381],[6.764087068240419,7.838862318177507],[6.763908797684521,7.838601884467526],[6.763410183599164,7.838407715556812],[6.763466306031138,7.838878088512244],[6.763329868829838,7.839040757583626],[6.763050538657204,7.838369751616589],[6.762214163314251,7.838013057853057],[6.761886239779283,7.83760021080353],[6.760920928487905,7.837319423798148],[6.76057450876514,7.8368342827234905],[6.760935827859783,7.836881052272714],[6.76110488192056,7.836486861179729],[6.761641900046313,7.836882441828967],[6.762344481102391,7.837313123661347],[6.762600425847927,7.837927958000724],[6.764324618839607,7.838187565446962],[6.764899730174283,7.838528808589898],[6.765091604058689,7.8385060424741795],[6.765801677491188,7.838712321462987],[6.767271110915288,7.838880896285025],[6.767351191412334,7.838981710071312],[6.767713752372768,7.83898363243087],[6.767712788568127,7.839164406723993],[6.767894069160824,7.839165367809363],[6.768256630414968,7.839167289746411],[6.76825566682174,7.839348064105161],[6.768617264863861,7.83953076017741],[6.7687985457273685,7.839531720918144],[6.76879758232266,7.839712495340852],[6.768978863287184,7.839713456026105],[6.769160144274617,7.839714416633455],[6.769159181003239,7.839895191099322],[6.769340462091673,7.839896151651189],[6.769339498875515,7.840076926137802],[6.769520780064982,7.840077886634181],[6.769621873409232,7.839998031730237],[6.769786001856762,7.839795860664359],[6.769975367657545,7.839820368583679],[6.770163339712287,7.839798063167531],[6.7714117503247895,7.840549850053624],[6.772054870715186,7.840814424677307],[6.772236152560455,7.840815384094654],[6.772477695001581,7.8409367115047885],[6.773261660000463,7.84106232087643],[6.773321920865994,7.841182688902884],[6.774228331902715,7.841187482707224],[6.774149900908247,7.841085040194683],[6.7737423358783495,7.840767875475461],[6.77318444790535,7.840039166346457],[6.772875038105576,7.839991897237577],[6.772363887031597,7.8400644606692715],[6.771597153645658,7.83946779066051],[6.7715187236377945,7.839365347920695],[6.771114672218734,7.839276433674281],[6.771287073832115,7.8389385546368215],[6.7715187236377945,7.839365347920695],[6.77200134483668,7.839428632882578],[6.772484428301037,7.839671287399584],[6.773268391040524,7.839796896101055],[6.773932279922992,7.840130367023873],[6.77381223577463,7.839799772181522],[6.773572117066408,7.8396770407922105],[6.773512817564329,7.83937589782762],[6.773331536183936,7.839374939134669],[6.772787692179972,7.839372062588412],[6.77278865382037,7.839191287669565],[6.772607372609549,7.8391903286873985],[6.772375675508534,7.839098712911456],[6.772608334305197,7.8390095537892694],[6.772609295977966,7.838828778889476],[6.77115188833142,7.838573950227107],[6.771626261324167,7.83838326550038],[6.771705777100795,7.838281658660516],[6.771706739072613,7.838100883865997],[6.771888019700419,7.838101843103303],[6.771889943419207,7.837740293464488],[6.771708662947596,7.8377393342719675],[6.771709624850778,7.837558559472435],[6.771528344480134,7.837557600224423],[6.771529306438533,7.837376825445639],[6.771167708013815,7.837194132025102],[6.7709360124340865,7.837102515846992],[6.7711686700826315,7.837013357287781],[6.771286772586211,7.836923446175127],[6.770447399244919,7.836286420555183],[6.77035552687764,7.836517472747532],[6.770266119581104,7.836285460918844],[6.770084839940188,7.836284501204639],[6.770085802363079,7.836103726593411],[6.770004447972925,7.835610292872668],[6.769305215403543,7.835709554836447],[6.768538494181452,7.8351128826059995],[6.768100397188202,7.834466195487933],[6.767860283695204,7.834343462140166],[6.767619249284111,7.833861989635586],[6.76737913630636,7.833739256147343],[6.767287263391166,7.833970307376558],[6.767197858124917,7.833738295501374],[6.767198821476181,7.833557521225578],[6.76701947018561,7.833195012012535],[6.767020433546155,7.833014237754199],[6.766731526822549,7.833086543362251],[6.76624880704432,7.833396377484009],[6.766165507959154,7.833016374858757],[6.76658245427923,7.832420963198547],[6.76720267465201,7.832834424105816],[6.767565230257296,7.832836345095563],[6.767746508094324,7.832837305473686],[6.767745545068892,7.8330180798234235],[6.7681081009677815,7.833020000391036],[6.7681071380755355,7.83320077478397],[6.768469694222154,7.833202695085094],[6.768650972329831,7.833203655118903],[6.768832250460429,7.833204615074878],[6.768831287857475,7.833385389555843],[6.7691938443434845,7.8333873092791215],[6.769375122620826,7.8333882690240015],[6.76937416022912,7.833569043570558],[6.769736717008647,7.833570962871635],[6.769917995432753,7.833571922405412],[6.769917033252315,7.833752697017557],[6.770098311777373,7.833753656495904],[6.770097349652097,7.833934431128776],[6.770096387503928,7.834115205759984],[6.770939636148494,7.83454195848542],[6.770998933992824,7.834843101164358],[6.771823054175036,7.835468552630571],[6.771901483810395,7.835570995491754],[6.772082763367842,7.835571954337727],[6.772081801872469,7.835752729200351],[6.772362570008401,7.835896238129074],[6.772441477057237,7.836296971415629],[6.773344032679499,7.837024864187048],[6.773261613753195,7.836746535532518],[6.772581423516323,7.835646866549072],[6.772972124735322,7.83568025222014],[6.773998119758096,7.836880620103725],[6.775739779272391,7.83968646469386],[6.775865636110681,7.84011145492681],[6.775864675684051,7.84029223021755],[6.775983775283676,7.840534370715448],[6.776041155689849,7.841197064472098],[6.779485527174649,7.841215248358949],[6.779315453314482,7.841023401445337],[6.778697244283835,7.840466686240365],[6.778499892099314,7.8400191139386095],[6.778947855808284,7.8400481119804555],[6.7793841487231985,7.840024489345847],[6.780029376056526,7.84121811692767],[6.780391942091721,7.84122002891722],[6.780574562458844,7.840968764541082],[6.780754508218104,7.841221940595099],[6.791087681076747,7.841276292392197],[6.791089589008965,7.8409147380836615],[6.790445205530967,7.840746225624617],[6.7901860310653515,7.840367649591699],[6.789463759369757,7.8398215116852095],[6.789361865728427,7.839742223514803],[6.788830610736306,7.839048360669393],[6.788744353870386,7.838733042396381],[6.78825077193162,7.838593182328714],[6.78766143181415,7.837823445075796],[6.787480149359292,7.837822492659201],[6.787481104467863,7.837641715918459],[6.787299822113836,7.837640763446214],[6.7873007772777845,7.837459986726066],[6.7869410786181845,7.836915751555386],[6.786700955368927,7.836793027030651],[6.786580425442075,7.836552292966291],[6.786399143670223,7.836551340238083],[6.786400099088309,7.8363705636191545],[6.785858165379822,7.836006151924666],[6.785676883933126,7.83600519895172],[6.785677839595358,7.835824422416797],[6.785317656448705,7.835640334919642],[6.785136863178951,7.835279233683026],[6.784955582135525,7.835278280487637],[6.78495653801912,7.8350975040350805],[6.784775257076494,7.835096550784094],[6.784776213015423,7.834915774352131],[6.784236195023371,7.834189808721512],[6.784054914562082,7.834188855270429],[6.784055870699545,7.834008078919209],[6.783874590339075,7.834007125412545],[6.783875546531842,7.83382634908193],[6.783755018832891,7.833585614869086],[6.7835148986648,7.8334628893024565],[6.783333618606782,7.833461935629073],[6.78333457496547,7.833281159360287],[6.7831552078134365,7.832918653133328],[6.782973928035081,7.832917699371099],[6.782974884481591,7.8327369231419075],[6.782249765908003,7.832733107403747],[6.782250722643934,7.8325523312619945],[6.781889120519103,7.832369646871624],[6.781707841134249,7.832368692631413],[6.781708798058781,7.832187916553195],[6.781527518774757,7.832186962257447],[6.781528475754556,7.832006186199859],[6.780736743179685,7.831867771019039],[6.780624952039628,7.831459085816882],[6.780443673204441,7.83145813114338],[6.780445587895458,7.831096579280823],[6.780446545206795,7.830915803347055],[6.780265266628503,7.830914848662639],[6.780266223995081,7.830734072749491],[6.780267181338865,7.830553296834756],[6.780035485621798,7.830461686111252],[6.78026813865986,7.830372520918282],[6.780270053233489,7.830010969080389],[6.780088775068091,7.830010014429691],[6.779907496925489,7.830009059701188],[6.779905582039766,7.830370611449855],[6.779903667062882,7.830732163191835],[6.779901751994827,7.831093714927216],[6.780124160232767,7.83118199221022],[6.779810294841879,7.83132491523377],[6.779720473406853,7.831092759987043],[6.779539194841681,7.8310918049690565],[6.7792990778104025,7.830969077730041],[6.779178553472034,7.830728343142753],[6.778251407704538,7.830024724663277],[6.777555675032802,7.829092763200399],[6.777374397599523,7.829091807494282],[6.777375355986362,7.828911031921652],[6.777194078653937,7.828910076160073],[6.777195037095968,7.828729300608098],[6.777013759864349,7.828728344791066],[6.777014718361566,7.828547569259831],[6.7770156768359655,7.8283667937268655],[6.776834399783181,7.828365837876718],[6.776835358312761,7.828185062364445],[6.776654081360787,7.828184106458848],[6.776655039945539,7.828003330967255],[6.776295362351396,7.827459092616683],[6.776114085779893,7.8274581365671105],[6.776115044507323,7.8272773611359],[6.776116003211931,7.827096585703028],[6.775934726819238,7.827095629620376],[6.775935685579006,7.826914854208189],[6.775754409287134,7.8269138980701065],[6.775755368102041,7.8267331226786085],[6.775756326894127,7.8265523472854825],[6.775516213806655,7.826429618905438],[6.775395692518435,7.826188884163493],[6.77504278245939,7.825943136056049],[6.775153640019016,7.825571428222948],[6.775576968452687,7.826189840367707],[6.775758244409784,7.826190796494159],[6.775939520389718,7.826191752542841],[6.775937603030025,7.826553303378866],[6.776118879188744,7.826554259394475],[6.77611792055264,7.8267350348322955],[6.77648047309453,7.826736946674901],[6.776479514591566,7.826917722155791],[6.777204620261232,7.826921544997084],[6.777385896735679,7.826922500512971],[6.777384938599828,7.827103276103889],[6.777686272328209,7.827165595319001],[6.7779278104694045,7.82728691790815],[6.7781679250715285,7.827409645244921],[6.778288448329786,7.827650379726105],[6.778651002199189,7.827652289925397],[6.778471640702934,7.827289783423148],[6.778290363935633,7.8272888283292605],[6.778293237173352,7.826746501221556],[6.778111960662798,7.826745546116869],[6.77793068417506,7.826744590934406],[6.77774940771013,7.826743635674176],[6.777750365644373,7.826562860035301],[6.777569089280244,7.826561904719627],[6.777571005236261,7.82620035348147],[6.777389729050908,7.826199398132689],[6.776845900631794,7.8261965316197495],[6.776848775330432,7.8256542050181075],[6.776123672026845,7.8256503821802355],[6.77582233987233,7.8255880622141385],[6.775580803521899,7.825466738854537],[6.775339267340517,7.8253454153950965],[6.774736604142316,7.82522077433735],[6.774676343815834,7.825100406959946],[6.774436231930425,7.824977678279007],[6.774315711532064,7.824736943504264],[6.774134436381478,7.824735986934612],[6.774135395624064,7.824555211724431],[6.774136354843797,7.824374436512551],[6.7739550798719925,7.824373479909882],[6.773956039146836,7.824192704718694],[6.773774764275843,7.824191748060643],[6.773775723605794,7.824010972890181],[6.773776682912889,7.823830197718053],[6.77359540822067,7.823829241027],[6.773596367582868,7.8236484658755865],[6.773415092991453,7.823647509129164],[6.7734170118031845,7.823285958866076],[6.773235737390544,7.823285002086663],[6.773236696840079,7.823104226975009],[6.773055422528221,7.823103270140236],[6.773056382032845,7.822922495049298],[6.772875107821801,7.822921538159166],[6.772876067381501,7.822740763088945],[6.772877026918341,7.822559988017092],[6.773058300973493,7.822560944862471],[6.773360274651086,7.822501807794551],[6.773603082478302,7.822383039769163],[6.773694947950582,7.822151985351189],[6.773784356546944,7.822383996281245],[6.773965630638443,7.8223849527156],[6.7739646715921165,7.822565727923386],[6.7744472753056515,7.822629004795484],[6.774688809740934,7.822750328268537],[6.774870084102566,7.822751284358972],[6.774869125400254,7.822932059675257],[6.775050399862663,7.822933015710319],[6.775231674347911,7.822933971667645],[6.775230715778656,7.8231147470269855],[6.775411990364676,7.823115702928932],[6.775593264973546,7.823116658753144],[6.775592306537353,7.823297434155527],[6.775954855979501,7.823299345615443],[6.776136130734805,7.823300301228798],[6.776135172509643,7.823481076696567],[6.776376708127958,7.823602399472808],[6.776678039132253,7.823664718670385],[6.776859314134789,7.823665674017465],[6.776858356175777,7.823846449571286],[6.777683429020934,7.824291110604123],[6.778490789129595,7.824894654840962],[6.778664407340785,7.825121429382933],[6.778845683217947,7.825122384053422],[6.779208235040681,7.825124293161116],[6.779207277912702,7.825305068991904],[6.779388553936244,7.825306023451437],[6.779387596863447,7.825486799302874],[6.779568872987734,7.825487753706956],[6.779567915970109,7.8256685295790716],[6.7797491921951885,7.825669483927707],[6.779748235232745,7.82585025982045],[6.779929511558595,7.825851214113627],[6.779928554651337,7.8260319900270225],[6.780214761206521,7.826468896663852],[6.780287280294283,7.8267570022400985],[6.780468557078386,7.826757956411508],[6.780467600291135,7.826938732383511],[6.780648877176027,7.826939686499448],[6.780647920443978,7.827120462492092],[6.780646963689151,7.827301238483071],[6.780826327330788,7.827663744587434],[6.780825370585607,7.82784452059573],[6.781006647906044,7.827845474667608],[6.781005691216071,7.828026250696542],[6.781004734503331,7.828207026723817],[6.781186012002532,7.828207980762509],[6.781185055345006,7.828388756810415],[6.781366332945,7.828389710793613],[6.781365376342709,7.828570486862169],[6.7813644197176295,7.828751262928995],[6.781545697496385,7.828752216878995],[6.781544740926544,7.828932992966522],[6.781726018806097,7.828933946861014],[6.781725062291495,7.829114722969155],[6.781906340271842,7.8291156768081445],[6.781905383812478,7.829296452936912],[6.781903470825417,7.8296580051894775],[6.782084749062574,7.8296589590175305],[6.782083792612906,7.829839735163599],[6.782265070950848,7.829840688936141],[6.78226411455643,7.830021465102834],[6.782443480294053,7.830383971192822],[6.783429431691637,7.831209395677323],[6.783707651674735,7.8312945270282714],[6.783448200254995,7.83083120967232],[6.783247722981073,7.830669373159775],[6.782547543826778,7.829741784786526],[6.782326304736602,7.829563189911145],[6.7818080152497116,7.828673206144311],[6.78173080103755,7.828030066295405],[6.781549523548015,7.82802911251237],[6.781550480003991,7.827848336416548],[6.781369202615241,7.827847382578021],[6.781370159126435,7.827666606502835],[6.781188881838436,7.8276656526088155],[6.781189838404848,7.827484876554245],[6.7811907949484835,7.827304100498029],[6.781070736966753,7.827242737587636],[6.780831110714981,7.826759864521005],[6.780649833885288,7.826758910505141],[6.780650790571766,7.826578134509212],[6.780651747235463,7.826397358511566],[6.780434107291847,7.8262458072819845],[6.779931425304728,7.825489662281842],[6.779750149134832,7.825488708033281],[6.779751106051688,7.825307932137217],[6.7796310488860385,7.825246569030399],[6.779510525050486,7.8250058348856175],[6.779150354066197,7.82482174538591],[6.779029830598954,7.824581011210791],[6.7786672792896185,7.824579102081501],[6.778668236560294,7.824398326311021],[6.7784869610178005,7.824397371652071],[6.778487918343628,7.824216595902236],[6.77830664290191,7.824215641187859],[6.778125367482981,7.824214686395737],[6.77812632494192,7.824033910688904],[6.7777637743284185,7.824032000916075],[6.777764731920471,7.823851225252236],[6.7775834567258935,7.823850270271534],[6.777101808018326,7.8236062208821275],[6.7770415470183725,7.823485853708968],[6.7768602720709845,7.8234848984619685],[6.776861229984346,7.823304122904823],[6.776498680313924,7.823302212222284],[6.776499638360361,7.823121436708162],[6.776137088937154,7.823119525759364],[6.7759558142597855,7.823118570168359],[6.775956772517254,7.82293779471961],[6.775775497940655,7.822936839073221],[6.775594223386902,7.822935883349095],[6.775595181777428,7.82275510794339],[6.775413907324452,7.822754152163883],[6.77523263289432,7.822753196306645],[6.775233591417895,7.822572420944016],[6.774419408354186,7.822188041631432],[6.773786274726919,7.8220224459054055],[6.771931837466803,7.821908219945927],[6.771795142614242,7.821469595652154],[6.7715070284977825,7.82139423645382],[6.771071969330993,7.8211042164443825],[6.770709422993696,7.821102301324248],[6.77071038325988,7.820921526506086],[6.770228743656041,7.820677471301619],[6.76998913325429,7.8201945964921125],[6.76968799891842,7.819734875386609],[6.7698107421565,7.819651314468365],[6.769811702629169,7.819470539748948],[6.7701742473350635,7.819472455242879],[6.77053679213251,7.819474370426021],[6.7710347444825505,7.8194310151165904],[6.771376609293406,7.819097588737606],[6.771444114275209,7.819298382101444],[6.77198793175248,7.819301253060768],[6.772713981222715,7.819124304837713],[6.772895253774455,7.819125261335595],[6.77325779894649,7.81912717409827],[6.773256839999845,7.819307949246476],[6.773438112698038,7.819308905533642],[6.7736193854191065,7.819309861743117],[6.77361842660543,7.8194906369344235],[6.773799699427265,7.819491593088571],[6.773980972271949,7.81949254916502],[6.773980013591241,7.819673324399386],[6.774161286536687,7.819674280420503],[6.774160327911034,7.819855055675582],[6.774341600957253,7.81985601164136],[6.774522874026293,7.81985696752944],[6.774521915533629,7.820037742827582],[6.774703188703443,7.820038698660317],[6.774884461896109,7.820039654415348],[6.774883503536433,7.820220429756552],[6.775064776829848,7.820221385456239],[6.775063818525251,7.820402160818155],[6.775245091919428,7.820403116462492],[6.775426365336435,7.820404072029117],[6.775607638776288,7.820405027518037],[6.775453971822699,7.820231678078657],[6.7735545250286595,7.81901285117048],[6.774073976641399,7.819046476230451],[6.7742593958927175,7.819036436595632],[6.77461173751556,7.819229788711019],[6.775169495717287,7.819488646619672],[6.776160104737182,7.820032254505791],[6.776333690523197,7.820228073178245],[6.7765149639992615,7.820229028256273],[6.777432012555187,7.820762755909469],[6.777598776343245,7.820957859781526],[6.777780050290751,7.820958814404931],[6.77796265964725,7.820707548817582],[6.7781425982542105,7.820960723418594],[6.778323872270162,7.820961677808858],[6.778322915276895,7.821142453566252],[6.779119163994476,7.82135070338299],[6.779227372812636,7.82150877619644],[6.779408647199185,7.821509730187357],[6.779589921608498,7.821510684100546],[6.779588965092342,7.82169146000921],[6.779951514135277,7.821693367647055],[6.780495337870565,7.821696228520909],[6.780494381721286,7.821877004539423],[6.780675656423228,7.8218779580309],[6.781219480665742,7.821880818038974],[6.781218524805439,7.822061594145027],[6.782306174372995,7.822067312196353],[6.782305218957549,7.822248088434489],[6.782949977753047,7.822511010723083],[6.784423062328285,7.8234792608966925],[6.785013849419863,7.824250913839522],[6.7853764020112015,7.8242528174371415],[6.785375447647927,7.824433594033947],[6.785556724055632,7.824434545738384],[6.785738000486095,7.824435497365075],[6.785737046256021,7.824616274004707],[6.786099599341075,7.8246181770693255],[6.786098645244202,7.824798953751758],[6.786279921898776,7.8247999051896855],[6.786461198576092,7.824800856549857],[6.786460244612429,7.824981633275155],[6.786701785628247,7.825102951204212],[6.7870031212621065,7.825165263746217],[6.787365675133077,7.825167165855703],[6.787364721513833,7.8253479426888735],[6.787545998561361,7.8253488936492115],[6.787908552724571,7.825350795336609],[6.78790759931653,7.825531572234812],[6.788308590885727,7.825614491393441],[6.78844952454925,7.825895978174173],[6.788809702644322,7.826080061116437],[6.78899049777754,7.826441160696898],[6.789171775497311,7.826442111090691],[6.789170822498917,7.826622888134504],[6.789352100319362,7.826623838472739],[6.789351147376263,7.826804615537054],[6.789532425297374,7.82680556581973],[6.789531472409571,7.826986342904632],[6.789712750431388,7.8269872931317455],[6.789711797598877,7.827168070237195],[6.790253726769318,7.827532474857658],[6.790435005115876,7.827533424840271],[6.790616283485084,7.827534374745098],[6.790615330974494,7.827715151956619],[6.7907966094444046,7.827716101805864],[6.7907956569891335,7.827896879037901],[6.791158214152998,7.8278987785474365],[6.791157261831046,7.8280795558222165],[6.791338540524992,7.828080505482498],[6.791519819241612,7.828081455064986],[6.791518867053001,7.828262232382491],[6.791700145870272,7.828263181909387],[6.791699193736992,7.8284439592474255],[6.792061751595614,7.828445858112219],[6.7922430305589225,7.828446807427923],[6.793067184264128,7.829072222835008],[6.793145619451887,7.829174662884959],[6.793326898863199,7.829175611822609],[6.794050114247455,7.829540962029667],[6.794231393928055,7.829541910622647],[6.794412673631293,7.829542859137823],[6.794411722509599,7.829723636796911],[6.7947742821400485,7.829725533638175],[6.794955561989237,7.829726481942095],[6.794954611078954,7.829907259665989],[6.795135891028818,7.829908207914259],[6.7953171710013045,7.829909156084726],[6.7953162202244295,7.830089933851268],[6.795678780393339,7.830091830003081],[6.795277950831252,7.829655860363606],[6.793871688520864,7.8289976805712085],[6.7936904091196055,7.82899673188913],[6.793691360462776,7.828815954312068],[6.793113130196946,7.828740164921673],[6.7929681466387795,7.828450603912825],[6.792969098226021,7.828269826419495],[6.792787819250069,7.828268877437139],[6.792695960845622,7.828499938525375],[6.79260654029678,7.8282679283769925],[6.792243982458186,7.828266030023322],[6.792244934334797,7.828085252617062],[6.791820590591651,7.827974284047005],[6.7915226756714375,7.827539123102489],[6.790978840291588,7.827536274321406],[6.790979792623505,7.827355497063843],[6.790617235972997,7.827353597531933],[6.790618188438223,7.827172820317112],[6.78984813789906,7.826971444764562],[6.789715608792752,7.826444961805434],[6.789534331004901,7.826444011644957],[6.789317624567015,7.8263580030651125],[6.789445456714016,7.826031080128346],[6.7895352838246295,7.826263234555072],[6.789716561534489,7.826264184693335],[6.789715608792752,7.826444961805434],[6.790682770468811,7.826839332539485],[6.790800419038693,7.82699299286107],[6.79116297542259,7.826994892148622],[6.791162023214028,7.827175669431703],[6.7915245798446175,7.827177568452532],[6.791523627769359,7.82735834577834],[6.791704906196637,7.827359295194276],[6.792066511255311,7.827541971183521],[6.792247789828606,7.827542920388296],[6.7942685840053,7.828289227790365],[6.7944183798859825,7.828458193148549],[6.794599659143778,7.828459141452947],[6.7947809384242355,7.828460089679549],[6.794779987594415,7.828640867392925],[6.796115235847467,7.829241495598119],[6.796226422227715,7.8293715621280615],[6.796504646064984,7.829456685415307],[6.798127570899679,7.8301853033690145],[6.799130602484929,7.830816923761683],[6.799299641418144,7.831014665645478],[6.799480922378911,7.831015612159021],[6.799479973261036,7.8311963904246795],[6.799661254322422,7.831197336882513],[6.7996603052600015,7.831378115168623],[6.800022867606657,7.831380007895047],[6.800021918677715,7.831560786223713],[6.800203199962968,7.831561732492298],[6.800202251089478,7.831742510841425],[6.800442377967599,7.831865227985543],[6.800562916381259,7.832105959970977],[6.800744197968365,7.8321069060723865],[6.8007432492612665,7.832287684482825],[6.800924530949017,7.832288630528501],[6.80110581265934,7.832289576496345],[6.801104864085755,7.83247035494932],[6.801286145896718,7.832471300861427],[6.801285197378611,7.83265207933485],[6.801646812839765,7.832834749485679],[6.801828094874513,7.832835695208456],[6.801827146545427,7.833016473744792],[6.80200842868082,7.833017419411822],[6.802007480407213,7.833198197968613],[6.802188762643238,7.833199143579889],[6.802187814425131,7.833379922157109],[6.80255037912097,7.833381813190298],[6.802549431036426,7.833562591810021],[6.802730713496223,7.8335635372319325],[6.802729765467172,7.833744315872081],[6.8030899590387275,7.833928390157672],[6.803270769696271,7.834289487846153],[6.8034520525585735,7.8342904330449725],[6.80424342142159,7.8348859212405735],[6.804717244048735,7.835020162751927],[6.804803358617775,7.818569278666848],[6.804157636582767,7.8184871665688025],[6.80399838853175,7.81827919092618],[6.803602881351137,7.818335377146382],[6.802125492972604,7.817231077291327],[6.801600553535178,7.817027588841234],[6.801674780639422,7.817547245376201],[6.801464003013121,7.817726735483251],[6.800926647760647,7.816820019298527],[6.799748531526041,7.815488852303553],[6.797350484915175,7.81384816935828],[6.796209019646999,7.813203039133285],[6.795394610829648,7.812594274603926],[6.794220714035381,7.812107964621438],[6.794142280553654,7.812005525511173],[6.7939610084547155,7.812004578990627],[6.793447228848301,7.811885367501227],[6.793145699982784,7.811921173294505],[6.792958028199479,7.811896897192896],[6.7925757009571734,7.81211834557726],[6.792168370299195,7.812065656080788],[6.791777648364149,7.811573808161244],[6.791075406327828,7.811143388622191],[6.790805004700214,7.810803002450839],[6.790242939446167,7.810458498041377],[6.790085372805788,7.809762273566637],[6.790790784619308,7.809557450919944],[6.79151183675329,7.810465131912432],[6.791712310850527,7.8106269628307645],[6.791872479288281,7.81082858162647],[6.792820587862016,7.8109943186134085],[6.792757349591842,7.810464644208969],[6.793071288195582,7.810292496983557],[6.793751759527039,7.8106962047695],[6.7947657667173615,7.81041315479885],[6.795497910303227,7.810847512370778],[6.79606093039737,7.811011233106714],[6.796585601843811,7.8113976617601555],[6.797131831273255,7.811332793654288],[6.798210358711399,7.8121271380036585],[6.7985173943901405,7.812289521970144],[6.798183907165467,7.811716911134146],[6.798584815857931,7.811768767010943],[6.799009163467686,7.811718372675368],[6.798921556892434,7.812392019260308],[6.799023935588287,7.813249378231947],[6.799359387657272,7.81382535638702],[6.799646337493653,7.814846370089989],[6.7998468174292075,7.815008198569868],[6.800143429226463,7.815720552259609],[6.800547836887715,7.8157812087788106],[6.799704333129796,7.813614613831633],[6.799334201517117,7.812979094284412],[6.799135537789756,7.8123672562897575],[6.799657700484567,7.8126770288741065],[6.800039452804634,7.812839801168584],[6.800198680070485,7.813222196640952],[6.800398213132006,7.81356480324155],[6.800833275626756,7.81511372808074],[6.801014549908336,7.8151146720270495],[6.801295321525552,7.815258160021056],[6.801374259417729,7.815658895579772],[6.801555534000642,7.815659839359377],[6.801552694909674,7.816202175303806],[6.801733969748808,7.816203119072015],[6.801915244610476,7.816204062762553],[6.802277794401544,7.816205949910613],[6.802459069330914,7.816206893368133],[6.802458123311545,7.816387672123395],[6.8026393983413636,7.816388615525327],[6.803023172665333,7.815949047346876],[6.803266523546397,7.817043694398403],[6.80336166166101,7.816934724943311],[6.803454497359048,7.816515002020945],[6.80354293703725,7.816935668023088],[6.804086763301237,7.8169384967963484],[6.804084872461532,7.817300054689296],[6.804266148083749,7.817300997502489],[6.8044474237284875,7.817301940237995],[6.804446478430618,7.81748271922611],[6.804627754175802,7.817483661905995],[6.804626808933281,7.817664440914534],[6.80462586366823,7.817845219921393],[6.804624918380647,7.818025998926601],[6.804806194382044,7.818026941594982],[6.804816590449185,7.816038372203909],[6.804515254785492,7.815976073457599],[6.803703824599042,7.8152348981696065],[6.80415633191677,7.815009555642308],[6.804370952263414,7.814591885977962],[6.804460655532243,7.814771034230364],[6.804641930109185,7.814771976579326],[6.804823204708641,7.8147729188506325],[6.8048250942942525,7.8144113607348045],[6.804593397362377,7.814319764436463],[6.80482603905326,7.814230581674396],[6.804827928503675,7.813869023548614],[6.80464665429353,7.8138680813876045],[6.804647599062796,7.813687302344286],[6.8039905487526315,7.813558657215142],[6.802295765963061,7.812771153665316],[6.802114492535682,7.812770210549739],[6.802115438259601,7.8125894318055344],[6.80193416493263,7.812588488634405],[6.801752891628247,7.812587545385639],[6.801753837485285,7.812406766683924],[6.801572564281287,7.812405823379609],[6.801573510193607,7.8122250446983115],[6.801392237090025,7.812224101338456],[6.801210964009005,7.812223157900974],[6.801211910054436,7.81204237926222],[6.800971792563043,7.8119196655394925],[6.800851256450314,7.811678935004454],[6.800669983670545,7.811677991400373],[6.80067092988178,7.811497212822925],[6.8004896572023945,7.811496269163318],[6.8003083845456045,7.811495325426089],[6.800309330889926,7.811314546891204],[6.800128058333538,7.811313603098453],[6.800129004733106,7.811132824584013],[6.799947732277139,7.8111318807357515],[6.799948678731962,7.810951102241763],[6.799767406376392,7.810950158337984],[6.799586134043441,7.810949214356586],[6.799587080631334,7.810768435905164],[6.799405808398775,7.810767491868258],[6.799406755041911,7.810586713437325],[6.799044210800207,7.810584825174893],[6.798862938713238,7.8105838809272585],[6.7988638855672585,7.81040310256098],[6.79850134161677,7.8104012138771015],[6.798081205094515,7.81016869555753],[6.798439388872788,7.809975315588168],[6.798504182510179,7.809858878901026],[6.798141639116977,7.809856990039438],[6.797960367454289,7.8098560454922366],[6.79759782419673,7.8098541561650086],[6.797472775156911,7.809987351143746],[6.795607630418374,7.809120647408453],[6.795426359383523,7.809119701863362],[6.795427307535155,7.8089389239044],[6.794851072290156,7.808788239948478],[6.79470412079114,7.808573585291004],[6.7944027936964275,7.808511281212103],[6.794161257422662,7.808389969649634],[6.793798716360228,7.808388077417601],[6.7937996651215435,7.808207299651442],[6.793498338589609,7.808144995036815],[6.793256802903219,7.808023683086691],[6.793075532629503,7.808022736665864],[6.793076481656714,7.807841958985098],[6.792895211483457,7.807841012508857],[6.7927139413328685,7.807840065955034],[6.792714890493004,7.80765928831697],[6.792233244060416,7.807415258769341],[6.792172979129611,7.807294893108505],[6.791509114278571,7.8072306936646445],[6.791267579937818,7.807109380879117],[6.791086310302348,7.807108433715805],[6.791087260071944,7.806927656270802],[6.790905990536934,7.806926709052108],[6.7907247210246044,7.806925761755834],[6.790543451534968,7.806924814381986],[6.790544401515251,7.806744037001927],[6.790363132126051,7.806743089572704],[6.790000593415703,7.8067411944815355],[6.790001543606651,7.8065604171664145],[6.78982027436329,7.806559469526674],[6.789457735944628,7.806557574014485],[6.789276466769336,7.80655662614203],[6.789095197616727,7.8065556781920025],[6.788913928486805,7.806554730164405],[6.7889148791217435,7.806373952980968],[6.788552341085585,7.8063720567374935],[6.78818980314018,7.8063701601837385],[6.788190754063543,7.806189383087464],[6.788009485202669,7.806188434716455],[6.787828216364506,7.806187486267881],[6.787829167420718,7.806006709214418],[6.787360739718147,7.805749638846681],[6.786925678158399,7.805459635082359],[6.786744409767598,7.805458686257331],[6.786745361199599,7.805277909330627],[6.7865052535564825,7.805155189603346],[6.786384727748591,7.804914457722996],[6.786023143267507,7.804731782820801],[6.785479339437284,7.804728935216618],[6.785480291322739,7.804548158439028],[6.785299023502529,7.804547209104779],[6.7852999754430146,7.804366432347819],[6.785118707723308,7.804365482958275],[6.785119659718821,7.804184706221863],[6.784938392099596,7.804183756777028],[6.784757124503116,7.804182807254642],[6.784758076631404,7.804002030561106],[6.784357106165028,7.803919113922532],[6.78421617886654,7.803637628336982],[6.784034911594274,7.8036366785712055],[6.783553276942597,7.8033926417845345],[6.783493015099857,7.803272275721656],[6.783130481071036,7.803270375581321],[6.783131433785353,7.80308959907991],[6.782769852850081,7.802906922215465],[6.782588586070798,7.802905971918476],[6.782589538972825,7.802725195480583],[6.782408272294072,7.802724245128342],[6.782409225251082,7.8025434687110735],[6.782169120906335,7.802420747297858],[6.782048598273976,7.802180015068236],[6.781867331896695,7.80217906455026],[6.781504799210462,7.802177163281732],[6.7815057524878615,7.801996386970914],[6.7813244862566195,7.801995436242651],[6.781325439588976,7.801814659952489],[6.78114417345824,7.801813709168994],[6.7811451268455585,7.801632932899469],[6.7807825948078655,7.801631031144513],[6.780783548327865,7.801450254917924],[6.780301918757335,7.801206215635251],[6.780241658113371,7.801085849446634],[6.7798173462342906,7.80097487719941],[6.779351244704115,7.800293988746537],[6.779521365268175,7.800178163950287],[6.779522319149944,7.799997387866566],[6.77934105402423,7.799996436530974],[6.779100952312458,7.799873714021289],[6.778980432002627,7.799632981588792],[6.778799167100719,7.7996320300653235],[6.778800121224946,7.7994512540659136],[6.777998246969502,7.798803916684679],[6.7771178067118445,7.797695496879528],[6.776998931273082,7.797272425349238],[6.776758831951702,7.797149702124773],[6.776638313511198,7.796908969592963],[6.776457050071207,7.796908017397116],[6.776458004863317,7.7967272416631594],[6.7764589596326,7.796546465927548],[6.7760964331317615,7.796544561392811],[6.776098342912568,7.796183010006031],[6.775917079851729,7.796182057667154],[6.775918034785566,7.796001281993589],[6.775736771825225,7.796000329599591],[6.775737726813908,7.795819553946744],[6.775738681779764,7.795638778292235],[6.775557418997592,7.795637825865479],[6.775558374018282,7.795457050231665],[6.775272185233327,7.795020145768021],[6.775019361967651,7.794550314695087],[6.774778453870948,7.794427178413424],[6.774300045426278,7.793461850872304],[6.774301000716517,7.7932810753751225],[6.774042665195118,7.793080030287613],[6.773761993288204,7.792374339700491],[6.7737629486742845,7.792193564260514],[6.773482204802356,7.792050064772921],[6.77340329307282,7.791649332279773],[6.773189617476461,7.7915005359133795],[6.773044593825196,7.790924324880819],[6.772937759023343,7.790849923938976],[6.7725855929346475,7.7903354511817655],[6.7725055911356735,7.790017589128421],[6.7721287549924005,7.789755167599151],[6.771966590408676,7.789110853309407],[6.771967546159494,7.788930078063381],[6.771786286729457,7.78892912483834],[6.771787242535016,7.788748349613053],[6.771605983205442,7.7887473963330125],[6.771606939065726,7.788566621128453],[6.771607894903141,7.788385845922243],[6.771426635751644,7.788384892609595],[6.77142759164377,7.788204117424154],[6.771428547513039,7.788023342237026],[6.771174319188237,7.7877943802748675],[6.769801608552117,7.785314209712965],[6.769633174506442,7.784759855683296],[6.769373946521797,7.784579328165244],[6.769200060624018,7.784108295838414],[6.768879557808935,7.783885097516619],[6.768734540136419,7.783308887225347],[6.7688263933375525,7.78307783457706],[6.768915796772891,7.783309841071061],[6.7690407958462915,7.783366313973606],[6.7692000310737,7.783726979465002],[6.769278310114523,7.783311748530487],[6.769280222456108,7.782950198602893],[6.7690956129432145,7.782835406768946],[6.768853021092916,7.782112974560484],[6.768741234559542,7.782043462920646],[6.768626372348276,7.782667224534815],[6.768130696912577,7.78218011603628],[6.767759121071157,7.780827149847973],[6.768000009374928,7.780344701316755],[6.768576936658253,7.781905882474207],[6.768741234559542,7.782043462920646],[6.768565716137822,7.780957859820477],[6.768566672332529,7.780777084925685],[6.768385416827211,7.780776131239207],[6.768387329302969,7.780414581489508],[6.768206073975551,7.780413627770564],[6.7682079865147164,7.78005207805913],[6.768208942749948,7.779871303200902],[6.7680276876779555,7.779870349471929],[6.76802864396779,7.779689574634485],[6.767928418744572,7.779608654056325],[6.767772097208066,7.778683938759919],[6.7675726036210335,7.778341322833098],[6.767414370019015,7.777778157269147],[6.7668856364503025,7.776538610144113],[6.766600607437651,7.775524124609663],[6.766602520134389,7.775162575212714],[6.766291992671814,7.774882897342901],[6.765255974726617,7.77236882907076],[6.765168762718073,7.7720817752319435],[6.76498751136655,7.772080821154473],[6.764992294243245,7.771176948502935],[6.7649932507497885,7.770996173967667],[6.764811999885694,7.770995219947719],[6.764812956446711,7.770814445433238],[6.764814869499948,7.770452896399353],[6.764403362562264,7.770132628308105],[6.764276857744452,7.769365387341401],[6.7640249338619896,7.769183281689554],[6.764278770895099,7.769003838415853],[6.76427972743602,7.768823063950587],[6.76409847759247,7.768822109891369],[6.764099434187828,7.768641335446926],[6.764100390760257,7.7684605610008415],[6.763919141094411,7.768459606909362],[6.763793008902732,7.7690864133051285],[6.763377305929659,7.7680951954544515],[6.763378262742782,7.7679144210933115],[6.763197013400858,7.767913466760518],[6.763197970268407,7.767732692420173],[6.76319892711301,7.767551918078153],[6.76301767794881,7.767550963713132],[6.763019591723902,7.767189415069124],[6.763020548577019,7.767008640744644],[6.762760307488676,7.766774251100344],[6.762666662819448,7.765379763327917],[6.762670489794957,7.7646566661338525],[6.7624230919444335,7.764496856214492],[6.762674316403183,7.763933568913377],[6.76267527299785,7.7637527946041835],[6.762550910888724,7.763483619081723],[6.762725113406551,7.763029939544639],[6.762439858886083,7.762262900932144],[6.762683881316946,7.762125825746707],[6.762684837682068,7.761945051420947],[6.76250359098447,7.761944097521275],[6.76250454740396,7.761763323216409],[6.762505503800492,7.761582548909828],[6.762506460174071,7.761401774601615],[6.762687706639728,7.7614027284338425],[6.7626896191633925,7.7610411797675045],[6.762549674520275,7.76091963320596],[6.762699180404527,7.759233436336805],[6.762700136402395,7.759052661984661],[6.762774289010525,7.75845544510498],[6.762883293658424,7.758692066693366],[6.76306453901054,7.758693020034236],[6.763065494784984,7.75851224563219],[6.7630664505364795,7.758331471228494],[6.763067406265015,7.758150696823151],[6.76306931765326,7.757789148007548],[6.7628880726875416,7.7577881947790575],[6.762889028424507,7.757607420391227],[6.762707783559026,7.757606467108131],[6.762711606586471,7.756883369630285],[6.762713517962477,7.756521820881449],[6.7625944371213755,7.756279684639316],[6.762539918787523,7.755074672774775],[6.762542785360262,7.75453234966703],[6.762339038624818,7.7543737749091735],[6.762186031823348,7.75344579748967],[6.76206695168824,7.75320366140051],[6.762007655474491,7.752902521465523],[6.762008610977923,7.752721747145578],[6.7618273683129,7.75272079408424],[6.761828323870594,7.752540019785145],[6.761829279405323,7.752359245484401],[6.761217780476865,7.7508047914224525],[6.761115777924433,7.750186141990812],[6.760934536455163,7.750185188859272],[6.760935492077383,7.750004414649567],[6.760756162038204,7.749641913084192],[6.760757117668706,7.749461138892017],[6.760638038933777,7.749219002914244],[6.760580654748005,7.748556314823448],[6.760583521388639,7.748013992279873],[6.760402280914534,7.748013039187338],[6.760407058575332,7.747109168360941]],[[6.804090544710142,7.8162153809905845],[6.804027338799062,7.81643546813149],[6.803869203490686,7.8162761177518405],[6.804090544710142,7.8162153809905845]],[[6.801917137048834,7.815842505379563],[6.802009973556647,7.815422783089058],[6.8020984117773144,7.815843448948255],[6.802006562574779,7.816074514374605],[6.801917137048834,7.815842505379563]],[[6.802642236098164,7.815846279188323],[6.802579029597454,7.816066365920373],[6.802420895090701,7.815907015186492],[6.802642236098164,7.815846279188323]],[[6.803367335508368,7.815850051754383],[6.8033041293565955,7.816070138700451],[6.803145994497566,7.815910788161577],[6.803367335508368,7.815850051754383]],[[6.801920921654776,7.8151193905936855],[6.802012770543322,7.814888325131369],[6.802102196071765,7.815120334074031],[6.802101250031991,7.815301112795068],[6.801919975537132,7.815300169292637],[6.801688279248013,7.815208571442288],[6.801920921654776,7.8151193905936855]],[[6.8035561736614,7.8144047635137595],[6.803918722300937,7.814406648822327],[6.803917777130069,7.814587427770783],[6.804138470325415,7.814650463200305],[6.803978677834605,7.814808160295401],[6.803917777130069,7.814587427770783],[6.803555228334798,7.814585542418073],[6.8034667204171075,7.814807346110256],[6.803323385820623,7.814494352978284],[6.8035561736614,7.8144047635137595]],[[6.798497553442532,7.81112432715529],[6.798434346344968,7.811344412905513],[6.798276215124203,7.811185061517541],[6.798497553442532,7.81112432715529]],[[6.796686727622044,7.810753322000733],[6.796611966312117,7.811163768319522],[6.796450604504802,7.810852639086962],[6.796686727622044,7.810753322000733]],[[6.798135956192923,7.8109416597111485],[6.798072748975277,7.8111617453638775],[6.797914617979045,7.811002393896503],[6.798135956192923,7.8109416597111485]],[[6.7925203290498635,7.810189228179347],[6.7924455641285855,7.810599672662715],[6.792284205955051,7.810288542751145],[6.7925203290498635,7.810189228179347]],[[6.793790176489383,7.810015077238295],[6.793715412825204,7.810425522304671],[6.793554053605193,7.8101143926322525],[6.793790176489383,7.810015077238295]],[[6.778151210868608,7.81933374172823],[6.778333819065647,7.819082475701367],[6.778513757520754,7.819335650029191],[6.779191287460099,7.81945410135781],[6.7811200171440955,7.8213429790042],[6.779827545770976,7.821037144380638],[6.779881174258068,7.8206879840269234],[6.779594703847369,7.820606804532413],[6.77945225280918,7.820843578248648],[6.778801709978339,7.820683721651901],[6.779594703847369,7.820606804532413],[6.779516273695972,7.820504363294988],[6.7784817591996385,7.820075750347249],[6.7783296137508415,7.819877023229622],[6.777967066676817,7.819875114639303],[6.777568120017558,7.819762060510529],[6.776809978272132,7.819172079541563],[6.777517020848535,7.819280085153499],[6.777885148400588,7.819227813416153],[6.778151210868608,7.81933374172823]],[[6.7756153027036685,7.818958824039775],[6.776239912430834,7.819115314921107],[6.77662356871019,7.81903166410762],[6.776775595055366,7.81922654419496],[6.775789273212391,7.819395139735429],[6.775614344792664,7.8191395994803665],[6.775382656421165,7.819047988207393],[6.7756153027036685,7.818958824039775]],[[6.777510608780328,7.837589214287782],[6.777511568161568,7.837408438770999],[6.778055411369587,7.837411308504172],[6.778054452222638,7.837592084087947],[6.778275148879457,7.837655134949373],[6.778115338201514,7.837812817263331],[6.778054452222638,7.837592084087947],[6.777837861267518,7.837699916558831],[6.778051574644921,7.83813441082931],[6.7782812291321095,7.838233850122028],[6.778122848343742,7.838550526050736],[6.778051574644921,7.83813441082931],[6.777689011858629,7.8381324975731035],[6.777691889904949,7.837590170965719],[6.777510608780328,7.837589214287782],[6.777418739389838,7.837820269022877],[6.777329327678523,7.837588257531962],[6.777108631336383,7.837525206223981],[6.777268442145722,7.837367524365941],[6.777329327678523,7.837588257531962],[6.777510608780328,7.837589214287782]],[[6.776972522894212,7.836501691063079],[6.776909297831099,7.836721769116081],[6.776751170197828,7.8365624090951185],[6.776972522894212,7.836501691063079]],[[6.783319270495553,7.836173579461312],[6.78341113637254,7.835942522409001],[6.783500551724623,7.836174533468807],[6.783499595079893,7.836355309733257],[6.783407729091669,7.836586366788987],[6.78331831377274,7.8363543557034845],[6.783319270495553,7.836173579461312]],[[6.7831408595553535,7.835630296706251],[6.7830776377363975,7.835850376638676],[6.782919507336114,7.835691018709539],[6.7831408595553535,7.835630296706251]],[[6.782420520777781,7.8347225991497185],[6.78280531585201,7.83530999119131],[6.782475231583648,7.835519849397845],[6.782164266141459,7.834897048759434],[6.782420520777781,7.8347225991497185]],[[6.772449167679525,7.834850772149942],[6.772385940923324,7.835070848942182],[6.7722278159366684,7.834911488212629],[6.772449167679525,7.834850772149942]],[[6.771187906653629,7.833397862191728],[6.771546069663783,7.833965897222514],[6.771415122463812,7.834383353908461],[6.770924900605434,7.833605612700066],[6.771187906653629,7.833397862191728]],[[6.776261795238712,7.833786232443573],[6.776499938399,7.834386175693481],[6.776002168490825,7.833976701957523],[6.776261795238712,7.833786232443573]],[[6.770469525588579,7.832128603045029],[6.770795926149798,7.832626888811748],[6.770343080547885,7.832935158476121],[6.77068768131614,7.833469052747052],[6.770194267802195,7.833246794376809],[6.769848370519049,7.832741492283144],[6.769487143156497,7.832489946264902],[6.7696401904914545,7.832191384142387],[6.769929885535801,7.832257758817773],[6.770469525588579,7.832128603045029]],[[6.779708980147449,7.833262069991829],[6.779645757376665,7.833482149027001],[6.779487629286863,7.833322790407451],[6.779708980147449,7.833262069991829]],[[6.769196731615338,7.832844985696719],[6.769361383186414,7.833269260351399],[6.768935415349086,7.8330439276396255],[6.769196731615338,7.832844985696719]],[[6.771190791349836,7.8328555378699],[6.770970099137026,7.832792483944191],[6.771129909289775,7.832634804871212],[6.771190791349836,7.8328555378699],[6.7716032406873525,7.833083833485365],[6.771280323245661,7.833281578301916],[6.771190791349836,7.8328555378699]],[[6.7534246605396,7.8329419683774075],[6.75331969229521,7.83286027443871],[6.753362750132175,7.832580082819913],[6.753274874146693,7.831964340821192],[6.753696631935703,7.832515297280891],[6.753784305563064,7.83348621908389],[6.754004990201923,7.83354928137644],[6.753845180527562,7.833706952053311],[6.753784305563064,7.83348621908389],[6.753421752828125,7.833484286083387],[6.753423691325509,7.833122740947733],[6.7534246605396,7.8329419683774075]],[[6.770796486690157,7.838819185231316],[6.770384907684403,7.838744595915693],[6.770696912323992,7.838583700695273],[6.770796486690157,7.838819185231316],[6.771017181774993,7.838882239771921],[6.770857368538308,7.839039918594278],[6.770796486690157,7.838819185231316]],[[6.770255532277265,7.8382739817789915],[6.770192303434671,7.8384940577394335],[6.77003417859255,7.838334695735857],[6.770255532277265,7.8382739817789915]],[[6.771344177885623,7.8380989651577275],[6.771575874108453,7.8381905812870665],[6.771343215757599,7.83827973990746],[6.771161935120348,7.8382787804140985],[6.770741052888061,7.838186162556892],[6.771162897326469,7.838098005686769],[6.771344177885623,7.8380989651577275]],[[6.769532336210046,7.837908592415905],[6.769311642041259,7.837845537300705],[6.769471455110383,7.8376878592652295],[6.769532336210046,7.837908592415905],[6.769713616485111,7.837909552565424],[6.769712653677072,7.838090327115185],[6.76993334808445,7.838153382072595],[6.769773534912478,7.8383110602792225],[6.769712653677072,7.838090327115185],[6.769531373323908,7.838089366943254],[6.769532336210046,7.837908592415905]],[[6.7673425149393065,7.840608678245728],[6.767279283987149,7.840828753302137],[6.767121159933537,7.840669390197334],[6.7673425149393065,7.840608678245728]],[[6.763905901418516,7.8391442059374565],[6.763979370902547,7.83925153813018],[6.764193061418871,7.839400346855352],[6.764258244945435,7.840123808943275],[6.763688834638312,7.839291963237153],[6.763905901418516,7.8391442059374565]],[[6.755760914893317,7.83675075622219],[6.755697676734267,7.836970827920399],[6.755539564900858,7.83681146220584],[6.755760914893317,7.83675075622219]],[[6.756128313328302,7.8358488236169785],[6.755695345758665,7.835303707078284],[6.7540632262560285,7.83405126774919],[6.754328997613561,7.833853010553419],[6.755228706062726,7.834578584693441],[6.75540998311754,7.834579550589588],[6.755409014554557,7.834760323393098],[6.75602933146982,7.8352272111127785],[6.756854392409139,7.835671912834853],[6.756917629618699,7.83545184072289],[6.757075741759476,7.835611205587385],[6.756854392409139,7.835671912834853],[6.756922906669856,7.835784134441251],[6.757870641623832,7.836107801782841],[6.757939156244112,7.836220022973986],[6.758120434347015,7.836220987905184],[6.758396992913333,7.836307764485005],[6.759566791962605,7.83695179776902],[6.7597480705849335,7.836952762089491],[6.759747103596475,7.83713353541218],[6.759987214767409,7.837256273155165],[6.7601077273327235,7.837497010594954],[6.760345729465383,7.8376138321687625],[6.760040038210272,7.838098078145022],[6.759924514448407,7.837857593041454],[6.759743235412617,7.8378566286863025],[6.759106244432264,7.837745231288102],[6.7579089386322,7.837016303185224],[6.757574664417466,7.836579638994517],[6.757393386227442,7.836578673784659],[6.75656336742235,7.836138860607192],[6.756128313328302,7.8358488236169785],[6.756127344916307,7.83602959649907],[6.755946067144798,7.83602863073392],[6.755871256487429,7.836439056218848],[6.755709924888538,7.836127917833815],[6.755946067144798,7.83602863073392],[6.755947035634862,7.835847857874374],[6.756128313328302,7.8358488236169785]],[[6.760657363697673,7.836415262208108],[6.760067810910408,7.83633339835672],[6.759921461510264,7.83598578528441],[6.7605714765707985,7.836257014281895],[6.760657363697673,7.836415262208108],[6.76087805181741,7.836478321272608],[6.760718242557024,7.836635995299866],[6.760657363697673,7.836415262208108]],[[6.755766726509536,7.835666119215258],[6.755703488679423,7.835886190971944],[6.7555453771337355,7.835726825712087],[6.755766726509536,7.835666119215258]],[[6.751061280970195,7.834194803067985],[6.751176811757151,7.833970058253056],[6.7516664651735105,7.834112783422923],[6.751242557338358,7.834195770709404],[6.751150676343669,7.83442681586783],[6.751061280970195,7.834194803067985]],[[6.763403564697156,7.83136804437035],[6.763485292148099,7.8314672284797435],[6.764045015074603,7.831634255642552],[6.76427460457034,7.832169960912329],[6.764732261057942,7.831626444724222],[6.766247870930807,7.832093085147184],[6.7661829474052455,7.8326964396571155],[6.764777376419158,7.8321612355448105],[6.764219292491048,7.832557290299886],[6.764023920222035,7.832536383707411],[6.763844607846693,7.833133943982551],[6.763675501722482,7.831958917625007],[6.7630805380935906,7.831460715051169],[6.763403564697156,7.83136804437035]],[[6.768655785391256,7.832299782801235],[6.768592557565865,7.832519858596033],[6.768434435115388,7.832360497100218],[6.768655785391256,7.832299782801235]],[[6.767932600347445,7.831934393888179],[6.766571793581922,7.831538586883327],[6.766064725805314,7.830900212087607],[6.765438538450104,7.830394686670222],[6.7658476911142955,7.8300351633110585],[6.766950498954397,7.8309243394956685],[6.767271261950593,7.831328161041271],[6.767772446315554,7.831732767179073],[6.767932600347445,7.831934393888179],[6.768345046240232,7.83216269195048],[6.768022128799487,7.832360434042718],[6.767932600347445,7.831934393888179]],[[6.761774006330067,7.830997835723861],[6.76185903682992,7.831093761198569],[6.762763241041796,7.831308621947139],[6.762377885629208,7.831648317648997],[6.761982630213306,7.831622718080457],[6.761019857359875,7.831094346419548],[6.761774006330067,7.830997835723861]],[[6.754702310849065,7.831321777413399],[6.754639073810939,7.831541849079319],[6.754480963954765,7.831382483968273],[6.754702310849065,7.831321777413399]],[[6.753072769914777,7.83095153731419],[6.75313600753168,7.830731466085772],[6.753294116556843,7.830890831491823],[6.753072769914777,7.83095153731419],[6.7530095322011645,7.831171608512202],[6.752851423239179,7.8310122430018865],[6.753072769914777,7.83095153731419]],[[6.760687314695066,7.830811284735041],[6.760628130155902,7.831201716875506],[6.7602848210092334,7.830867591684491],[6.760687314695066,7.830811284735041]],[[6.76504083928312,7.830292055271835],[6.764977607547148,7.830512130078818],[6.764819492930995,7.830352767841542],[6.76504083928312,7.830292055271835]],[[6.768667334402082,7.830130489069048],[6.768604107232381,7.830350564980297],[6.768445985361977,7.830191203702921],[6.768667334402082,7.830130489069048]],[[6.765225970664748,7.829569920173258],[6.7649223580069116,7.830003493717285],[6.764607260279369,7.829724766206794],[6.765225970664748,7.829569920173258]],[[6.768124466630275,7.829946835456556],[6.767532159012552,7.829534365951353],[6.767969185588076,7.829329837224948],[6.768124466630275,7.829946835456556],[6.768345156614045,7.830009890339486],[6.768185346992775,7.830167568360382],[6.768124466630275,7.829946835456556]],[[6.764868237426338,7.828664127840584],[6.764989707688446,7.8289326483150035],[6.764835593170449,7.829372556227677],[6.764253528566944,7.829300789206198],[6.764443473628077,7.828758611063939],[6.764868237426338,7.828664127840584]],[[6.757980744591718,7.828446777920038],[6.757917510000424,7.828666850716074],[6.7577593993206415,7.828507486770181],[6.757980744591718,7.828446777920038]],[[6.757620128784288,7.828083303495339],[6.757556894128082,7.8283033762026655],[6.7573987837218885,7.828144012196469],[6.757620128784288,7.828083303495339]],[[6.763245436175579,7.827028510563878],[6.763323859497479,7.827130954010427],[6.763769229226303,7.82731549373286],[6.764271094737688,7.827971066899412],[6.764197616873908,7.828196986248595],[6.762803265081669,7.827148775957879],[6.763245436175579,7.827028510563878]],[[6.760347938991331,7.826470795101752],[6.7604214060861665,7.826578126745356],[6.761113906288853,7.826840728570616],[6.7613944922582325,7.827955687611454],[6.760569571003224,7.827605002565691],[6.759845403888947,7.826547044064894],[6.760347938991331,7.826470795101752]],[[6.750192741902839,7.827139848465105],[6.750129503945718,7.827359919001353],[6.749971397413399,7.8272005531020135],[6.750192741902839,7.827139848465105]],[[6.7567176249231835,7.827355389861706],[6.756500929572994,7.827269366164466],[6.756628784993236,7.8269424604714075],[6.7567185919954955,7.827174616832046],[6.756899866035616,7.827175581181232],[6.756898899041295,7.827356354233435],[6.757119581645829,7.827419414129],[6.756959775804146,7.827577087024107],[6.756898899041295,7.827356354233435],[6.7567176249231835,7.827355389861706]],[[6.768331720094417,7.82506688463504],[6.768770501831065,7.825892713851789],[6.769333519985852,7.826056472897336],[6.7694936790719344,7.826258098692783],[6.769988411085671,7.826657493530664],[6.770214397349609,7.827086228212073],[6.76972616754865,7.827324007702652],[6.76902343222856,7.8264392955660105],[6.768587303249822,7.826253303784505],[6.768428106563272,7.825870903274107],[6.768077058427301,7.82526805070583],[6.768331720094417,7.82506688463504]],[[6.75962380817727,7.8262861701108415],[6.759524086676198,7.8265151773994015],[6.75920654405752,7.82635722752935],[6.75962380817727,7.8262861701108415]],[[6.758899678332004,7.826101544054165],[6.758488113836523,7.826026947171165],[6.758800112454961,7.825866058966153],[6.758899678332004,7.826101544054165],[6.759120360928475,7.826164602803285],[6.758960556236961,7.826322276814303],[6.758899678332004,7.826101544054165]],[[6.763432495466168,7.825944828871102],[6.763369264257503,7.826164903425176],[6.763211151596503,7.826005541189145],[6.763432495466168,7.825944828871102]],[[6.76760565990799,7.825243821846186],[6.767542433689918,7.825463897695707],[6.767384313654613,7.825304536618694],[6.76760565990799,7.825243821846186]],[[6.766164128097663,7.823609175525332],[6.766104951370111,7.8239996095954805],[6.765761640854179,7.823665490575113],[6.766164128097663,7.823609175525332]],[[6.760726893372746,7.823399570136391],[6.7605062116332855,7.823336512564315],[6.760666014451877,7.823178837460332],[6.760726893372746,7.823399570136391],[6.760947575208751,7.823462627611518],[6.760787772327216,7.8236203028197],[6.760726893372746,7.823399570136391]],[[6.765441922096927,7.823063012885408],[6.765367126194796,7.823473442881588],[6.765205788762069,7.823162308411224],[6.765441922096927,7.823063012885408]],[[6.773241493744841,7.8222003513918335],[6.773178271158269,7.822420429077909],[6.773020149202549,7.82226106981453],[6.773241493744841,7.8222003513918335]],[[6.760553339273506,7.821952419532601],[6.759936591764441,7.821791087172923],[6.760254230500753,7.821515437470168],[6.760553339273506,7.821952419532601],[6.761175300912549,7.822417666431738],[6.761737350134323,7.8227622072184175],[6.761896765084419,7.823101305672154],[6.761486787630504,7.823664771726821],[6.760638297975812,7.822254827057355],[6.760553339273506,7.821952419532601]],[[6.761104871575117,7.82050911648271],[6.761041640873952,7.820729190626244],[6.760883530809636,7.82056982830822],[6.761104871575117,7.82050911648271]],[[6.773440989235679,7.81876658001693],[6.773341274544415,7.818995593267296],[6.773023731427708,7.818837653908122],[6.773440989235679,7.81876658001693]],[[6.7779728082713895,7.818790460268168],[6.777873095742884,7.819019475283429],[6.777555549939986,7.81886153885258],[6.7779728082713895,7.818790460268168]],[[6.758399313563895,7.817963856113602],[6.758609237249855,7.818390700508039],[6.758316876298216,7.8185664839140046],[6.758156495471336,7.818084741625162],[6.758399313563895,7.817963856113602]],[[6.7596759223388325,7.816524404126729],[6.759612692144156,7.81674447805207],[6.75945458384687,7.816585115749049],[6.7596759223388325,7.816524404126729]],[[6.756782367853127,7.815243593196538],[6.756719136648404,7.8154636663252415],[6.756561030103299,7.815304303376722],[6.756782367853127,7.815243593196538]],[[6.7571458710440835,7.815064745655797],[6.756925194405931,7.815001687580251],[6.757084994116915,7.814844013258312],[6.7571458710440835,7.815064745655797],[6.757447189518765,7.81512707608376],[6.758168917788571,7.815489640301505],[6.758230589792224,7.815612840552291],[6.758411859029182,7.815613802837654],[6.758643542132113,7.815705421881248],[6.758410894131452,7.815794576176544],[6.758529979288673,7.816036717066001],[6.758588303959746,7.816518631835779],[6.7587695736320965,7.816519594078436],[6.7587686087750685,7.8167003674540805],[6.758949878548295,7.816701329641591],[6.758947948920986,7.817062876432896],[6.759491758845944,7.817065762664515],[6.759712025575757,7.816813525344273],[6.760492779998477,7.8177270446995974],[6.761113549692851,7.818882153722859],[6.761294820699648,7.818883115170639],[6.761293856634177,7.81906388883977],[6.761475127741878,7.819064850232349],[6.761474163731335,7.819245623922314],[6.761473199697806,7.8194263976106315],[6.761581190940879,7.819527252988141],[6.762063949797667,7.820781925118953],[6.761239991647831,7.820341515905528],[6.761021084007782,7.819872499667082],[6.760736776142211,7.819335548583137],[6.760477233098238,7.819876507581204],[6.760280938483852,7.8200493511903035],[6.760305177246718,7.81951182771832],[6.759716064152708,7.819128007179784],[6.759482111665911,7.818873497196803],[6.759261432487825,7.818810439687262],[6.7594212334312465,7.81865276466856],[6.759482111665911,7.818873497196803],[6.7600775708633085,7.818773409581329],[6.759103389266445,7.817986914410168],[6.758303906841529,7.816979067519228],[6.757785083792792,7.816052421757841],[6.7574052812141385,7.815528068579882],[6.7571458710440835,7.815064745655797]],[[6.764588495857322,7.813115636708245],[6.765297237269255,7.814192350154741],[6.764557125808233,7.8140227707045655],[6.7643322553765435,7.813290077970217],[6.764588495857322,7.813115636708245]],[[6.772559558642383,7.814061645944656],[6.772496338161499,7.814281723851074],[6.772338218730999,7.814122365211322],[6.772559558642383,7.814061645944656]],[[6.795582972556985,7.813820874335815],[6.795523825996928,7.8142113221414835],[6.795180488350894,7.813877221213984],[6.795582972556985,7.813820874335815]],[[6.766402147529036,7.812944451390533],[6.766693847305266,7.813389774531069],[6.766622881934997,7.813697802402056],[6.7659639719916,7.813242747261864],[6.766402147529036,7.812944451390533]],[[6.772383081453642,7.813156814479209],[6.7727548644864015,7.813775567093025],[6.7719309464802535,7.81330050266817],[6.772383081453642,7.813156814479209]],[[6.794496283674792,7.81363441863977],[6.7944330739004375,7.813854503076985],[6.7942749439398,7.813695150366935],[6.794496283674792,7.81363441863977]],[[6.7611617275602045,7.809843469272689],[6.761098500084879,7.810063543990069],[6.76094039285999,7.80990418275007],[6.7611617275602045,7.809843469272689]],[[6.795245088371324,7.809118756240669],[6.795243191844567,7.809480312109311],[6.7946993784768654,7.809477474642698],[6.79470127547048,7.809115918906993],[6.795245088371324,7.809118756240669]],[[6.79144030204963,7.808737325294801],[6.79137709225905,7.808957409080208],[6.7912189651027965,7.808798056029519],[6.79144030204963,7.808737325294801]],[[6.7934342774866225,7.8087477403137955],[6.793334576296147,7.8089767621116035],[6.793017027929195,7.80881883912485],[6.7934342774866225,7.8087477403137955]],[[6.760625631350461,7.808394398480732],[6.760562404051404,7.808614473113987],[6.760404297476229,7.808455111875257],[6.760625631350461,7.808394398480732]],[[6.764437999030117,7.807329905158782],[6.7646780977403616,7.807452635955427],[6.764798609672706,7.807693370707966],[6.764797648509902,7.807874144907142],[6.764978915227364,7.807875103431086],[6.764977954119405,7.808055877651057],[6.764976992988506,7.808236651869387],[6.765520793745259,7.808239527110465],[6.765519832824801,7.808420301394433],[6.76591557584336,7.808570989701035],[6.767363297622024,7.808899183163286],[6.768614159105917,7.809694537935796],[6.769065470900154,7.811258907522079],[6.76901100830969,7.811765223103602],[6.769255881817389,7.812137661428101],[6.769579998623874,7.811403026554745],[6.770244757049941,7.8122097695938955],[6.771458872789322,7.813226415840754],[6.772218429952629,7.81446913431324],[6.770551038800703,7.81475638709301],[6.769642975855334,7.814659235713788],[6.76891605233799,7.814238920847776],[6.768667394405745,7.813377014087507],[6.7683413530944545,7.814115995564655],[6.767213786908227,7.813464020236437],[6.767128184870654,7.812767510296672],[6.766645595557728,7.812704228527947],[6.766333977963602,7.8120773311228415],[6.76604345429612,7.812219437],[6.76597278850412,7.812511698842225],[6.765413626180902,7.812698438857091],[6.765075059825805,7.812591301672853],[6.764886365900878,7.81228223986933],[6.764651566520772,7.812136238416645],[6.764718505911575,7.811925850839439],[6.764233653874622,7.811667525253933],[6.7640523856149475,7.8116665659478794],[6.764053347570856,7.811485791873417],[6.763690811276035,7.811483873073389],[6.763509543163054,7.811482913556949],[6.763510505329493,7.811302139548223],[6.763329237317299,7.811301179976641],[6.7633301995386,7.811120405988744],[6.762907257159916,7.810997384495],[6.762506820730953,7.810674098405206],[6.762347637654538,7.810291698602077],[6.762147173408879,7.810129856933256],[6.761826883008378,7.80972660498685],[6.761305362492821,7.809305559680101],[6.76091397221965,7.808273767458649],[6.76126048542957,7.8083186157708],[6.761615043216914,7.808276540231542],[6.761793302581883,7.8085009725134675],[6.761893534292592,7.808581893314883],[6.7618944967918955,7.808401119481918],[6.761986362744369,7.808170068427771],[6.7620757633754325,7.808402079314604],[6.762257029981946,7.808403039069706],[6.762255105271554,7.808764586823907],[6.762436372056597,7.8087655465463905],[6.76243540974475,7.808946320443476],[6.762434447409929,7.809127094338901],[6.762541286104915,7.809201495919931],[6.763334048194231,7.810397310020578],[6.763515315817333,7.810398269479787],[6.763513391691063,7.810759817512126],[6.763694659492749,7.810760776938674],[6.763693697473006,7.81094155097484],[6.7639337976105045,7.811064282697765],[6.764054309503821,7.811305017797275],[6.764235577607838,7.811305977058398],[6.764234615752707,7.811486751157006],[6.764597152185201,7.811488669491332],[6.764537857746271,7.811187527831253],[6.764418769220557,7.81094538799482],[6.763985596704054,7.810643727236259],[6.763878813005473,7.810219414101784],[6.763577495584765,7.8101570889796585],[6.763300493486268,7.80960374955208],[6.763520125731273,7.809494399369805],[6.763701392988279,7.809495358639056],[6.763882660268238,7.809496317830709],[6.76380423885455,7.809393875302023],[6.762994428971069,7.809164360391869],[6.762620525428999,7.808224184422659],[6.762356854119386,7.807995195634755],[6.762803716132461,7.8078635960234735],[6.762984982597451,7.8078645554008],[6.763076396402135,7.807718341009348],[6.76327539789827,7.80804429498879],[6.76409207068772,7.80777156053841],[6.7643254750326784,7.807398233230581],[6.764437999030117,7.807329905158782]],[[6.765528480283243,7.80679333277854],[6.765307805133471,7.806730279936952],[6.76546759856652,7.8065726006026805],[6.765528480283243,7.80679333277854],[6.76570974662575,7.806794290857453],[6.7657087859665515,7.806975065177199],[6.7658900524097785,7.80697602320099],[6.7658890918054215,7.807156797541527],[6.766109770100573,7.807219850180812],[6.76594997099246,7.807377529722961],[6.7658890918054215,7.807156797541527],[6.765707825284422,7.807155839495284],[6.7657087859665515,7.806975065177199],[6.765527519546267,7.806974107075833],[6.765528480283243,7.80679333277854]],[[6.783839354882853,7.8063473773369125],[6.7836186717262015,7.806284333339662],[6.783778465561073,7.806126645120815],[6.783839354882853,7.8063473773369125],[6.785199011232536,7.806983793146024],[6.7858437761288615,7.807431260682597],[6.786745063049451,7.808411627988753],[6.787329683951469,7.8086905375673865],[6.787450456279587,7.809078021056673],[6.787766645764866,7.8091256634708035],[6.788306978399083,7.8096664130554245],[6.788352050422751,7.809986650521072],[6.7885921612658935,7.810109370096258],[6.788712689169406,7.810350102063163],[6.788711737957349,7.810530879187976],[6.7888930087762,7.810531827781962],[6.78889205761926,7.810712604927299],[6.788890155237306,7.811074159213073],[6.788987094005754,7.811158335059437],[6.789151002855263,7.811895766358038],[6.789379431355968,7.812526295262486],[6.788756091575091,7.813507293385876],[6.787366230585468,7.813313078909568],[6.7866453562777815,7.812687097740402],[6.786443586623583,7.812229708204198],[6.785725331492209,7.810929869033967],[6.786114767297027,7.810964796691486],[6.786592496071339,7.811523696962694],[6.787125281834355,7.811483813644872],[6.788144311406321,7.8120578340796305],[6.788419582212834,7.811654576172354],[6.787969296445556,7.8112635662113],[6.787802529263862,7.811068466084951],[6.787366510950858,7.810959238172169],[6.786897126968837,7.8108829427794895],[6.785810237009426,7.8104397376756785],[6.785331510387015,7.809814442830077],[6.7853782846660105,7.809509867084102],[6.785171425726166,7.809348894257577],[6.785093947860509,7.809065677522944],[6.785094900447101,7.808884900829631],[6.784913630805598,7.80888395080612],[6.784915536066184,7.808522397459022],[6.784734266603027,7.808521447402429],[6.784735219277015,7.808340670748713],[6.784555855349765,7.807978167368793],[6.784374586165478,7.807977217223804],[6.784375538926829,7.807796440609585],[6.784255485003878,7.807735079986586],[6.7838971184777135,7.807014207313206],[6.783839354882853,7.8063473773369125]],[[6.761555060518567,7.804060628174755],[6.761491834965726,7.804280703311265],[6.761333729101883,7.80412134275254],[6.761555060518567,7.804060628174755]],[[6.757577844005924,7.802050993932127],[6.7574449602469135,7.801216547611309],[6.757665186889674,7.801250198638166],[6.757759107316,7.802051954838248],[6.757990783535131,7.802143572132756],[6.757758143832905,7.802232728211563],[6.757757180326795,7.802413501583183],[6.757938443815348,7.80241446245684],[6.757935553392151,7.802956782629435],[6.758116817136909,7.8029577434931525],[6.758114890228533,7.803319290311656],[6.7582646507761615,7.803435845752578],[6.758551983831535,7.804146748585301],[6.758755747329416,7.804305331256349],[6.758954365349019,7.804564796681145],[6.7588951214384725,7.804950432976936],[6.7589351816257714,7.805231078877335],[6.758725486137754,7.805389842330605],[6.758028640759322,7.803665745436159],[6.7579336263282945,7.803318329402882],[6.757934589871734,7.803137556016977],[6.75775332607224,7.803136595053201],[6.757757180326795,7.802413501583183],[6.7575759168612635,7.802412540631996],[6.757576880445096,7.8022317672829065],[6.757577844005924,7.802050993932127]],[[6.764465865951136,7.802087453867589],[6.764402642389726,7.802307529974129],[6.764244535641408,7.802148170388658],[6.764465865951136,7.802087453867589]],[[6.75975396785032,7.801881746066537],[6.759654256001803,7.802110755291187],[6.759336729151515,7.801952811944592],[6.75975396785032,7.801881746066537]],[[6.762661876806943,7.800450904097423],[6.762598652867848,7.800670979752103],[6.762440547434595,7.800511619848225],[6.762661876806943,7.800450904097423]],[[6.767744927787824,7.79903151667359],[6.767670144965329,7.799441950731307],[6.7675088097629565,7.799130817561905],[6.767744927787824,7.79903151667359]],[[6.767384319185912,7.798668054882841],[6.767309536195024,7.7990784888020155],[6.767148201361653,7.798767355604965],[6.767384319185912,7.798668054882841]],[[6.767023711205598,7.7983045929549615],[6.766803036939046,7.798241542053026],[6.766962831370672,7.798083861053204],[6.767023711205598,7.7983045929549615],[6.767244385568376,7.798367643760304],[6.767084591073976,7.798525324863961],[6.767023711205598,7.7983045929549615]],[[6.762506558792174,7.79556904757818],[6.762285889943635,7.795505997682348],[6.762445678749328,7.795348313010019],[6.762506558792174,7.79556904757818],[6.762788049494316,7.795650925392086],[6.763690064466959,7.796378242865534],[6.763850658019757,7.796580434939453],[6.764757583640094,7.797223384361052],[6.765033660462045,7.797570970150687],[6.765214922771449,7.797571927317036],[6.7653213517681,7.797337629963752],[6.765395225458711,7.797753658765318],[6.765705678162812,7.797874555032864],[6.766210605924823,7.7978146223300016],[6.766386516740459,7.798237203280251],[6.766575247151764,7.798004694262193],[6.7667412608647854,7.798403491769285],[6.767092295245375,7.799006339273972],[6.766837652550647,7.799207509118834],[6.767197301757285,7.799751745930232],[6.767475496365953,7.799836881314945],[6.768023788268109,7.800478400673659],[6.7679999569244,7.800755802816831],[6.768950104468096,7.801913774220734],[6.770051109323183,7.802869940764955],[6.771095601032857,7.804092009994423],[6.772386388140817,7.805098798842037],[6.772785854592704,7.805566169026292],[6.772967121306649,7.80556712384573],[6.7729661639186824,7.805747899073648],[6.773147430733247,7.805748853837907],[6.773146473400195,7.805929629086544],[6.773628101146105,7.806173676830004],[6.7736883599462825,7.80629404360762],[6.773928462345114,7.806416769746129],[6.77404898019939,7.806657503281645],[6.774230247539935,7.806658457692369],[6.774229290559274,7.806839233066939],[6.774410558000456,7.806840187422452],[6.774409601074731,7.807020962817725],[6.774590868616512,7.807021917118032],[6.774589911745731,7.807202692534011],[6.774771179388156,7.807203646779103],[6.774770222572311,7.8073844222158],[6.775976048989053,7.808367749267067],[6.776479012193312,7.808935133766135],[6.777193440930422,7.809578520744306],[6.778635408011029,7.811442406365801],[6.779161878971037,7.812277633763057],[6.779266576737594,7.81409696434233],[6.779265621000224,7.814277740274404],[6.779517575509835,7.814459845979884],[6.779263709457101,7.814639292133564],[6.7791586932577514,7.81523669405408],[6.778266636262592,7.814569830232623],[6.778177037627349,7.814452795850277],[6.777995766438372,7.814451842186075],[6.776858465632017,7.814253008011846],[6.776650353900899,7.813981171864279],[6.776367197713474,7.813900928989627],[6.7764966483998155,7.814266790890183],[6.774824989356282,7.81415859023627],[6.774281006210701,7.8141880478808075],[6.773681300709451,7.814149228132115],[6.77240364564456,7.812707907578416],[6.771941265573001,7.811974329736842],[6.770622609385848,7.810450361942478],[6.770404461560105,7.8102538965524815],[6.770635066807449,7.811053225214143],[6.771040975262332,7.8113931155255605],[6.7719242966301865,7.812630892174427],[6.771499205343463,7.812834625907632],[6.771020401946672,7.812163697019935],[6.7705616941182045,7.811413186978198],[6.770156419679612,7.8114522240909094],[6.770119004171321,7.8110658997923625],[6.770157119056159,7.810711597347884],[6.769844421909317,7.810449755994547],[6.76942490885799,7.809710241027393],[6.770224152270463,7.810072165214119],[6.770225111374235,7.8098913903618845],[6.770226070455115,7.809710615507989],[6.770044802295136,7.809709659009836],[6.769863534158048,7.809708702434082],[6.769864493371659,7.809527927623341],[6.769044407189343,7.809078372022622],[6.768335773699907,7.808518846726542],[6.766784913566054,7.807538667240684],[6.766412213340616,7.806895115141121],[6.767339998161574,7.807417801787328],[6.768089575285827,7.807647191424053],[6.768696442858629,7.807601785428586],[6.769132940056856,7.807639083438376],[6.769509631451398,7.808079816096771],[6.769855315440646,7.808380022416584],[6.770409256575453,7.809350022170944],[6.770650782630312,7.809471345546652],[6.770952102070621,7.809533665779442],[6.7707727514774065,7.8091711597635705],[6.770591483482196,7.809170203565416],[6.770592442315921,7.808989428660078],[6.7704723912225955,7.808928064591609],[6.770053433693363,7.808082685451766],[6.769872166256489,7.808081729077685],[6.769873125264088,7.807900954252011],[6.769691857927883,7.8078999978227595],[6.769692816990379,7.807719223017836],[6.768617448976832,7.807101984262032],[6.768246518257611,7.806988470451271],[6.767159760250293,7.806847078004024],[6.766979571757108,7.806620220759377],[6.766617038929591,7.806618305654833],[6.766435772550223,7.806617347986213],[6.766436732852457,7.806436573573344],[6.7662554665738,7.8064356158496],[6.766256426930878,7.806254841457588],[6.766257387265031,7.806074067063842],[6.766138298222421,7.80583192778808],[6.766079962583229,7.805350011805716],[6.766080922880518,7.805169237426124],[6.766172785576689,7.8049381845776455],[6.766262188591884,7.805170195070315],[6.7668383979739195,7.805320913786148],[6.766985331826726,7.80553557385347],[6.767453740470885,7.805792663247308],[6.767888783198263,7.806082683381302],[6.768176886239232,7.806158040575874],[6.768611929984108,7.806448060208113],[6.768612889330112,7.806267285524468],[6.768794155828892,7.806268242217429],[6.768720685500743,7.806160910942701],[6.767756135849667,7.805505725831519],[6.767531049213245,7.805176896408155],[6.767349783341427,7.805175939306839],[6.766722839791616,7.804828428416148],[6.7658292109749665,7.804183109782804],[6.766449214695267,7.804086506055357],[6.765987683777252,7.803462978047939],[6.765831798530346,7.803077319679735],[6.765574058846563,7.802646041500039],[6.7652956865200355,7.801628252273698],[6.765068809861349,7.801248618596854],[6.765135599053524,7.800813808335493],[6.764675529582725,7.800037338986114],[6.764079827657082,7.79979050510732],[6.763860944560027,7.79872820274244],[6.763468114877276,7.7984224796978205],[6.763547178053239,7.797907777776994],[6.763325801810049,7.797098361947531],[6.762582096287839,7.796213811665658],[6.762506558792174,7.79556904757818]],[[6.755627323986497,7.793905627504741],[6.7554049393358,7.793817342111227],[6.75571877896601,7.7936744348988],[6.7558085835474495,7.793906588248816],[6.75591046262492,7.793985882194678],[6.756067297225128,7.794190762077156],[6.757416155572928,7.795217430158758],[6.757971187471112,7.796268166124144],[6.758211277847334,7.7963908983287045],[6.758331784183205,7.796631633093403],[6.758790269454361,7.796898506574288],[6.75895701616085,7.797093612893414],[6.759150867458686,7.797261973189448],[6.759317614469032,7.797457079451654],[6.759511466084429,7.797625439668193],[6.7597615871111865,7.797918098967279],[6.760600305910127,7.798646519425048],[6.760567689632758,7.799026099344176],[6.761674109369756,7.79998700955284],[6.762117125771144,7.800628801961179],[6.762298389034212,7.800629760749393],[6.762297427678092,7.800810534698656],[6.762478691041821,7.80081149343185],[6.762477729740454,7.800992267401934],[6.762658993204883,7.800993226080101],[6.762658031958274,7.801174000071009],[6.7627549592777365,7.801258179837977],[6.763919190949356,7.802626901931342],[6.7641004552969735,7.802627860191628],[6.764099494465583,7.8028086343473975],[6.764280758913904,7.802809592552621],[6.76446202338513,7.802810550680315],[6.764460101964467,7.803172099076744],[6.764700198653842,7.803294829212904],[6.764820710085296,7.803535563669044],[6.764939797988178,7.803777702941818],[6.764997171919931,7.804440392936323],[6.764992368330039,7.805344264177237],[6.765173633981573,7.805345222309204],[6.76516883020703,7.806249093620925],[6.76498756416666,7.806248135376674],[6.764986603265174,7.80642890961153],[6.764985642340736,7.806609683844795],[6.7648043761677545,7.806608725478066],[6.764803415142597,7.806789499687191],[6.764622148914786,7.80678854122043],[6.764379350285279,7.8069073059852],[6.764077389009807,7.806966439472351],[6.76407642762765,7.8071472135883075],[6.763895161336064,7.807146254766336],[6.763713895067421,7.807145295866788],[6.763230667419325,7.807203469688876],[6.762987868350635,7.80732223347236],[6.762896003205333,7.807553284961312],[6.7628066021189985,7.807321274162472],[6.762625335910317,7.807320314775008],[6.762624373859982,7.8075010887078555],[6.762261841355985,7.80749916965524],[6.761899308943831,7.807497250292322],[6.761718042772209,7.807496290494498],[6.761719005211471,7.80731551667408],[6.761537739140607,7.807314556821173],[6.760993941065906,7.807311676797003],[6.760994903793317,7.8071309030648885],[6.760170846713904,7.806505449907747],[6.760093389754099,7.80622223346284],[6.759912124356749,7.806221273046814],[6.759913087412897,7.806040499439763],[6.759914050446051,7.805859725831061],[6.75981216808494,7.805780434618408],[6.759555372556226,7.805134710585041],[6.759556335629951,7.804953937013068],[6.759306421793801,7.803941776631997],[6.75905502744677,7.803335866702488],[6.758851734232907,7.802408420472309],[6.7593106721934255,7.802308366756057],[6.759462016886545,7.802529478696461],[6.75956885349573,7.8026038804264],[6.75963207947122,7.802383805775496],[6.759790184042263,7.80254316661495],[6.75956885349573,7.8026038804264],[6.75982564860917,7.803249604090114],[6.760108794649391,7.803329855190959],[6.760165276636173,7.80275509161302],[6.7604262962462744,7.803009135466002],[6.760470360546789,7.803512548769616],[6.760651624846735,7.803513508615421],[6.760763145743503,7.8032780516543445],[6.760830964455607,7.803876015867611],[6.7610122289570125,7.80387697560334],[6.761011266643246,7.804057749365312],[6.761010304306506,7.804238523125636],[6.761821188078448,7.8047870586851475],[6.761994405650166,7.8054753581833065],[6.76234991363944,7.804861786806749],[6.762457537106863,7.804788520390619],[6.7624584988904894,7.804607746455365],[6.762596627586779,7.803512330594359],[6.761465829281173,7.8025302574362625],[6.761299079691201,7.802335151211377],[6.760840587106696,7.802068278381681],[6.760659323405639,7.802067318793411],[6.760660285622082,7.801886545058178],[6.760297758444406,7.801884625694078],[6.75993619386305,7.801701932373042],[6.759754930432396,7.8017009724421875],[6.759573667024732,7.801700012433812],[6.75957462966155,7.801519238830315],[6.759212103070681,7.801517318626042],[6.759213065839944,7.801336545065911],[6.758283548085597,7.8012370078790285],[6.757507958142433,7.799422613384696],[6.757052361926165,7.798613418053046],[6.757053325259772,7.798432644736692],[6.756953096672227,7.798351723701868],[6.756715777873009,7.79750696476774],[6.756299336412029,7.796409086462106],[6.756059315538977,7.795996867289684],[6.755703922621987,7.794731805445273],[6.75562539720487,7.7942671738579525],[6.755627323986497,7.793905627504741]],[[6.759797261282257,7.793746931329206],[6.759734037959397,7.7939670092387985],[6.7595759357425464,7.793807643722945],[6.759797261282257,7.793746931329206]],[[6.758530365997181,7.79337866949327],[6.758309699391594,7.793315618012051],[6.7584694881929686,7.793157935013638],[6.758530365997181,7.79337866949327],[6.759152895701597,7.7934953316836335],[6.758641527818699,7.794005258032887],[6.758530365997181,7.79337866949327]],[[6.763630595370558,7.788705375396374],[6.763534849430637,7.789016555364596],[6.763167386824205,7.789328932344136],[6.763033440061474,7.789870562725747],[6.7633476858602,7.789510663479118],[6.763791259765653,7.789164896792015],[6.763459026156736,7.790938854544959],[6.763704744937594,7.793320658633931],[6.763577092982682,7.793489018135737],[6.762169198534876,7.793096729308361],[6.76150951316556,7.793146089368252],[6.760443734176253,7.792749342177062],[6.758793512931159,7.7924896137442605],[6.75881459909336,7.792769968694439],[6.758307534657859,7.792726630627972],[6.758671313353785,7.7917546474981085],[6.759165211756546,7.792032914253705],[6.759852324851366,7.792203877728512],[6.760074463061451,7.791481937335993],[6.760270092173288,7.791315643293904],[6.7604868372788545,7.789302231269768],[6.76082201219682,7.789330875883328],[6.761426433246295,7.789113127670103],[6.761153842806413,7.788360528768403],[6.761195213821623,7.787879008421919],[6.761181609486453,7.787698157550035],[6.761217853569005,7.787276286786833],[6.761643060888478,7.786914823224936],[6.762134282621242,7.787191576300392],[6.762998168686541,7.787059504771408],[6.762446008600252,7.786060097633285],[6.762492356481706,7.785520581231181],[6.763252625972787,7.7850041307823705],[6.763877215679497,7.786672209076877],[6.76350113102184,7.788014770425395],[6.763802122192652,7.7885595630466495],[6.763630595370558,7.788705375396374]],[[6.758906349775396,7.790849757884226],[6.758779988336734,7.791281842626567],[6.758462556955754,7.790973769309269],[6.758906349775396,7.790849757884226]],[[6.7549225181382395,7.790105548539389],[6.754550786309471,7.790728567216872],[6.7542909300299785,7.790222342596482],[6.7549225181382395,7.790105548539389]],[[6.759485679887484,7.784164007274911],[6.7597609780698376,7.78479146296874],[6.759945686352779,7.787145708893404],[6.759669606746748,7.787321883638063],[6.759292983074123,7.784327818170553],[6.759485679887484,7.784164007274911]],[[6.762017507062599,7.785262055173807],[6.762092288640776,7.784851625468462],[6.762253616797162,7.785162755453092],[6.762017507062599,7.785262055173807],[6.762016547503323,7.785442829218914],[6.761835290807657,7.7854418721646885],[6.761654034134958,7.7854409150331065],[6.761654993849354,7.785260141032977],[6.7614171623585095,7.7851065127431935],[6.761677215032188,7.7848281385720774],[6.761837210058357,7.785080324117794],[6.761836250444489,7.785261098142068],[6.762017507062599,7.785262055173807]],[[6.762027101392264,7.78345431463171],[6.76209905948532,7.7823138847462685],[6.762213153173826,7.782551400915696],[6.762394408674726,7.782552357455475],[6.762393449614998,7.782733131570377],[6.762574705216359,7.782734088055309],[6.762573746211196,7.7829148621910385],[6.762572787183072,7.7830956363251245],[6.762804455943504,7.783187248394461],[6.762571828131985,7.783276410457539],[6.762390572298019,7.78327545390516],[6.762694187299298,7.783738995346081],[6.762280077690691,7.783891046965903],[6.762087557950648,7.7841660212571355],[6.761736133884874,7.783921277189726],[6.76159112665211,7.783345072737033],[6.761231562464525,7.78278794407611],[6.761757284882521,7.782523429317834],[6.761920268082102,7.7833799119584945],[6.762027101392264,7.78345431463171]],[[6.759670777230007,7.783441870110397],[6.759581629548499,7.783844791596347],[6.759242850539329,7.783672875557794],[6.759670777230007,7.783441870110397]],[[6.750071015611273,7.782125591437296],[6.749658626111905,7.78189729315134],[6.749981499876402,7.781699554037031],[6.750071015611273,7.782125591437296],[6.750291674369059,7.782188645222518],[6.750131888727658,7.782346325522485],[6.750071015611273,7.782125591437296]],[[6.760772706304728,7.780736006597931],[6.761002162737782,7.781212320142515],[6.760811159650986,7.781521694584112],[6.760436964419755,7.780803962396803],[6.760772706304728,7.780736006597931]],[[6.761312632680908,7.78146197314237],[6.761080106850837,7.781338253016721],[6.761237057182757,7.780856868041311],[6.761312632680908,7.78146197314237],[6.761438257850161,7.7815261914307206],[6.761732472511938,7.782135181594397],[6.761398476659911,7.782322610899978],[6.760705273132613,7.781968255606608],[6.760872615406865,7.7816051538031585],[6.761244668003739,7.781788812954656],[6.761312632680908,7.78146197314237]],[[6.760420752283205,7.778745579665753],[6.760492295691105,7.779214455600388],[6.760732070841925,7.780210805840794],[6.760587024535256,7.780628085914325],[6.760117133765388,7.779941576393726],[6.760205504566842,7.779557948496651],[6.760126156022242,7.7791959716507835],[6.760194406400985,7.778899686406562],[6.760420752283205,7.778745579665753]],[[6.749390347060697,7.773806207415156],[6.749327124722187,7.774026283265385],[6.749169032877887,7.773866916980292],[6.749390347060697,7.773806207415156]],[[6.74957256064023,7.773626395764366],[6.749293334023025,7.773540931656393],[6.749364268871166,7.77271543377965],[6.749693975845882,7.772458709324501],[6.74957256064023,7.773626395764366],[6.749868272616659,7.773874044623959],[6.750193211094949,7.774632327020529],[6.750389389844846,7.774978195189924],[6.750561216563825,7.775770946695479],[6.750739941117525,7.774076163918467],[6.75092231230189,7.773551523913871],[6.7511141617945345,7.775343729826529],[6.751084120679305,7.7756229631496625],[6.751162923118417,7.776436881179227],[6.751003118496756,7.777922249081533],[6.750594212399069,7.778625615639959],[6.750911758537899,7.7785950364173],[6.751258327021607,7.778840362134585],[6.750894221285082,7.779138760962683],[6.750645911627368,7.7794336963939354],[6.750447018643037,7.779596697711043],[6.75044605483577,7.779777470364625],[6.7502648020171065,7.779776509060532],[6.7502638381092535,7.779957281689869],[6.750262874178324,7.7801380543175],[6.750261910224313,7.780318826943511],[6.750080657196252,7.780317865494311],[6.750005320293233,7.781092076909036],[6.749600375088242,7.780892169673401],[6.749539790973338,7.779772663071221],[6.749540755168083,7.779591890530674],[6.749429268890283,7.779495056781245],[6.749480728372123,7.778896211435536],[6.749282883678422,7.778227964998613],[6.748954179106369,7.777320346960551],[6.748778779228314,7.774987877566567],[6.749188233367028,7.774518939375882],[6.749101603663593,7.77552709539075],[6.749295415319337,7.775877922088789],[6.749536695543643,7.77696386774202],[6.749745997456447,7.776663920666884],[6.749646750504019,7.775344177278828],[6.749699640279229,7.7747287001983665],[6.74957256064023,7.773626395764366]],[[6.751030263701498,7.772187898090727],[6.750949487549298,7.772783124708475],[6.750785800695765,7.772314672466207],[6.751030263701498,7.772187898090727]],[[6.749762479891304,7.7720004029746335],[6.74968769279557,7.772410827962449],[6.749526377467679,7.7720996970551015],[6.749762479891304,7.7720004029746335]],[[6.753571606956772,7.771478239268451],[6.754061337907736,7.771176958280864],[6.7557017030716,7.772350065705661],[6.756012172590428,7.773054010877551],[6.756188458731913,7.772344942369935],[6.754354278852536,7.7710166081960015],[6.754037754425906,7.770298921390278],[6.753207511757173,7.769577822155939],[6.752995549353608,7.768679855147819],[6.753478064788021,7.769244470511622],[6.753850420594359,7.76890692894083],[6.753310741765452,7.768139187849117],[6.753145928275775,7.76758253137029],[6.752719534483087,7.766810705551463],[6.7528626364318205,7.765145084881003],[6.75316315349468,7.764342065287821],[6.753337862657558,7.763063026312869],[6.753646692350052,7.763089418443425],[6.753240433693397,7.7623540403363345],[6.7535688768168605,7.76060023860301],[6.753813499978001,7.76018760226175],[6.754070309493857,7.761635185461145],[6.754271464103424,7.762578978936497],[6.75424432867653,7.762894828045489],[6.754258255034739,7.7630799886772195],[6.75415858710216,7.763346320864397],[6.754339833360471,7.763347278491951],[6.754338873254436,7.763528051768547],[6.754337913125355,7.763708825043509],[6.754217287568145,7.764458151842789],[6.754439012760752,7.765283335772906],[6.754398065389227,7.765759946537948],[6.75464538838792,7.76644283011637],[6.754943897283646,7.767786265632467],[6.75513581564302,7.768316164840596],[6.755418252157878,7.769270070875675],[6.756181675303519,7.771105193387151],[6.75760580051675,7.773349764179054],[6.758349242872923,7.775035399742811],[6.758722418683139,7.775566256656912],[6.758887240250373,7.776122913763485],[6.759079164865879,7.776652813488207],[6.759158696585211,7.777473463359313],[6.759339949525434,7.777474420583221],[6.759338989791487,7.7776551943619765],[6.759166917333821,7.7778452321330835],[6.75887838719021,7.778099622006846],[6.757843770207942,7.7808778311503195],[6.757984792515013,7.7829759246210735],[6.758318752589094,7.782607107328033],[6.758548670510834,7.78361690006361],[6.758194014075148,7.7842596722960025],[6.758493350992899,7.784243463031282],[6.758656736494746,7.785701331144698],[6.759002480398918,7.787358210528362],[6.759183813265045,7.788844205532537],[6.758697693629622,7.790173172314575],[6.757619864900172,7.7903859164055325],[6.756653412378342,7.789295554958261],[6.756435679954793,7.789307339161208],[6.755146612191894,7.7877645244416245],[6.754601634677664,7.786563506891257],[6.754318560924657,7.784363798765787],[6.7542408214017655,7.781966917300181],[6.754241783858125,7.7817861441922025],[6.754243708701686,7.7814245979713075],[6.754424962725297,7.781425557777972],[6.754606216771974,7.781426517507319],[6.754605254516741,7.781607290663719],[6.754603329937162,7.781968836971571],[6.754422075657935,7.781967877174535],[6.754531110763742,7.784094794509858],[6.754865692410894,7.78440728470404],[6.755065057166854,7.785479620648394],[6.755759212773166,7.785510743224609],[6.7554253081670925,7.784424967245027],[6.75521850739276,7.784231822865561],[6.755601233664989,7.783881897531271],[6.755582856584339,7.78334785641368],[6.755771795019026,7.783146633913966],[6.756498630292198,7.782809214814445],[6.7560860012643404,7.782148636617086],[6.755417906586042,7.781524651654469],[6.755209899230787,7.780632745138026],[6.754701192548217,7.780609937691051],[6.754344503857649,7.780622144959553],[6.75414814846618,7.779461047390299],[6.754185524373421,7.778631832513201],[6.753630385909058,7.778113343456677],[6.753951108857518,7.777711915173969],[6.754712977122531,7.777746070033779],[6.754358493819052,7.777535025657644],[6.75359925129654,7.777290855350546],[6.753058786418344,7.776786065144826],[6.753098508531076,7.775904800150788],[6.753089173960141,7.775633583561716],[6.753106895814731,7.775240415475503],[6.753014392397483,7.774006184650678],[6.753015354381978,7.773825411627963],[6.75301824019714,7.773283092549723],[6.753021125804797,7.772740773456602],[6.75283987568417,7.772739814115158],[6.752841799462189,7.772378268089975],[6.752843723147965,7.7720167220581615],[6.752662473360081,7.772015762729809],[6.752664397108467,7.7716542167365885],[6.752665358948074,7.771473443737481],[6.7525604540786635,7.771037494023212],[6.75249468898075,7.769483981548772],[6.752495650621046,7.769303208552411],[6.7525875064688705,7.769072160945094],[6.75267689922479,7.769304167619275],[6.752675937661884,7.769484940638217],[6.752857186366089,7.769485899650472],[6.752856224857524,7.769666672690339],[6.752854301771215,7.770028218765101],[6.752897767603836,7.770524799684661],[6.7532994284765975,7.77093442607889],[6.7535144413389245,7.770729540034483],[6.753618990362787,7.77123832217622],[6.75321006926845,7.771295548219213],[6.753209107684138,7.7714763212877],[6.753571606956772,7.771478239268451]],[[6.750131719054009,7.770736915233812],[6.750068497990579,7.770956991465897],[6.749910406603648,7.770797625684799],[6.750131719054009,7.770736915233812]],[[6.747306865640641,7.756621294077586],[6.747458273117161,7.758641565692734],[6.747200778090277,7.758877003374973],[6.746791708960734,7.759908530532329],[6.746846282207497,7.758697795968197],[6.74683694889384,7.758426580297583],[6.746849170241515,7.758155478814518],[6.746842947976501,7.757974668365172],[6.746898240395316,7.756747954964376],[6.747306865640641,7.756621294077586]],[[6.747504461848621,7.753549121402973],[6.747240839085932,7.754192082587534],[6.747081580529883,7.754348746734519],[6.746881223976505,7.753651327235932],[6.747504461848621,7.753549121402973]],[[6.74714871246587,7.752281795374363],[6.747394247736776,7.752836362165489],[6.747070429589072,7.753073413777051],[6.7468975541136835,7.752434321035997],[6.74714871246587,7.752281795374363]],[[6.7475256155296846,7.7495721258300865],[6.747466452294116,7.74996255797286],[6.7471232044475045,7.749628442764602],[6.7475256155296846,7.7495721258300865]],[[6.7473491825008525,7.748667304363213],[6.747274403840968,7.749077729851847],[6.747113094542103,7.748766595259039],[6.7473491825008525,7.748667304363213]]]},"properties":{"OBJECTID":6255,"Id":6255,"gridcode":4,"Shape_Leng":137771.5145,"Shape_Area":30371367.7291,"Class_Name":"Water Body"}}],"fileName":"july_flood"}